zone,zone_x,zone_y,event_count,shot_count,move_count,p_shot,shot_goal_prob,xT
0,3.125,4.166666666666667,30800,0,735,0.0,0.11282402649309124,0.1222802825324395
1,9.375,4.166666666666667,1330,0,311,0.0,0.11282402649309124,0.12225319399048222
2,15.625,4.166666666666667,1729,0,519,0.0,0.11282402649309124,0.12234546307983736
3,21.875,4.166666666666667,2502,0,893,0.0,0.11282402649309124,0.12225546829895176
4,28.125,4.166666666666667,3393,0,1272,0.0,0.11282402649309124,0.12234055050593728
5,34.375,4.166666666666667,3823,0,1439,0.0,0.11282402649309124,0.12238282109578807
6,40.625,4.166666666666667,3637,0,1544,0.0,0.11282402649309124,0.12250832634720396
7,46.875,4.166666666666667,2686,0,1212,0.0,0.11282402649309124,0.12269200730960259
8,53.125,4.166666666666667,2935,0,1402,0.0,0.11282402649309124,0.12285650946268757
9,59.375,4.166666666666667,4401,0,2125,0.0,0.11282402649309124,0.12323017433715475
10,65.625,4.166666666666667,4507,0,2215,0.0,0.11282402649309124,0.12387578334556788
11,71.875,4.166666666666667,3985,1,1961,0.0005096839959225281,0.10745145380294405,0.1254458140518561
12,78.125,4.166666666666667,3011,0,1472,0.0,0.11282402649309124,0.1268489255950886
13,84.375,4.166666666666667,2324,0,990,0.0,0.11282402649309124,0.13026907023435227
14,90.625,4.166666666666667,1709,0,624,0.0,0.11282402649309124,0.1315878842047261
15,96.875,4.166666666666667,2419,0,918,0.0,0.11282402649309124,0.1614896349134575
16,3.125,12.5,839,0,181,0.0,0.11282402649309124,0.12229327552514899
17,9.375,12.5,1474,0,505,0.0,0.11282402649309124,0.1222605111193569
18,15.625,12.5,1595,0,682,0.0,0.11282402649309124,0.12228247630382404
19,21.875,12.5,2198,0,1115,0.0,0.11282402649309124,0.12224954807867108
20,28.125,12.5,2806,0,1444,0.0,0.11282402649309124,0.12233055239983252
21,34.375,12.5,3024,0,1550,0.0,0.11282402649309124,0.12235826089471417
22,40.625,12.5,3282,0,1788,0.0,0.11282402649309124,0.1224762510949014
23,46.875,12.5,2145,1,1305,0.0007656967840735069,0.10745145380294405,0.12253894029775836
24,53.125,12.5,2426,1,1470,0.0006798096532970768,0.10745145380294405,0.1227701529251994
25,59.375,12.5,3588,1,2196,0.0004551661356395084,0.10745145380294405,0.12309176493464924
26,65.625,12.5,3496,0,2076,0.0,0.11282402649309124,0.12347584982184062
27,71.875,12.5,2948,1,1779,0.0005617977528089888,0.10745145380294405,0.12472813642602006
28,78.125,12.5,2136,0,1186,0.0,0.11282402649309124,0.1267389985489576
29,84.375,12.5,1601,1,764,0.00130718954248366,0.10745145380294405,0.13080675661795527
30,90.625,12.5,1476,1,588,0.001697792869269949,0.10745145380294405,0.13613771459681778
31,96.875,12.5,934,0,202,0.0,0.11282402649309124,0.1421690781790309
32,3.125,20.833333333333332,960,0,175,0.0,0.11282402649309124,0.12230996124973775
33,9.375,20.833333333333332,1284,0,513,0.0,0.11282402649309124,0.12236011818948928
34,15.625,20.833333333333332,1105,0,547,0.0,0.11282402649309124,0.12222560402009286
35,21.875,20.833333333333332,2087,0,1168,0.0,0.11282402649309124,0.1221976447798592
36,28.125,20.833333333333332,2917,0,1611,0.0,0.11282402649309124,0.12217697441538544
37,34.375,20.833333333333332,3059,0,1741,0.0,0.11282402649309124,0.1222284889877639
38,40.625,20.833333333333332,3218,0,1895,0.0,0.11282402649309124,0.12236238982972883
39,46.875,20.833333333333332,2180,1,1360,0.0007347538574577516,0.10745145380294405,0.12238309673459637
40,53.125,20.833333333333332,2433,0,1540,0.0,0.11282402649309124,0.12260510948530187
41,59.375,20.833333333333332,3325,0,2066,0.0,0.11282402649309124,0.12286171153933934
42,65.625,20.833333333333332,3393,1,2072,0.000482392667631452,0.10745145380294405,0.1228973673526412
43,71.875,20.833333333333332,2661,6,1569,0.0038095238095238095,0.08678771268699327,0.12456728453918121
44,78.125,20.833333333333332,1587,22,870,0.02466367713004484,0.05372572690147202,0.12762381397146136
45,84.375,20.833333333333332,799,9,385,0.02284263959390863,0.07780967344351121,0.12707237605136815
46,90.625,20.833333333333332,1051,10,356,0.0273224043715847,0.07521601766206083,0.13753053245900299
47,96.875,20.833333333333332,1018,2,171,0.011560693641618497,0.10256729681190113,0.15095582183871908
48,3.125,29.166666666666668,1691,0,353,0.0,0.11282402649309124,0.12223351579031341
49,9.375,29.166666666666668,2184,0,731,0.0,0.11282402649309124,0.12226836507032461
50,15.625,29.166666666666668,1826,0,829,0.0,0.11282402649309124,0.12218040917017237
51,21.875,29.166666666666668,2885,0,1623,0.0,0.11282402649309124,0.12213541185347512
52,28.125,29.166666666666668,3750,0,2121,0.0,0.11282402649309124,0.12211587206551644
53,34.375,29.166666666666668,4117,0,2454,0.0,0.11282402649309124,0.12216680824200617
54,40.625,29.166666666666668,4252,2,2665,0.0007499062617172854,0.10256729681190113,0.12221859449493842
55,46.875,29.166666666666668,3049,0,2065,0.0,0.11282402649309124,0.12235558113959612
56,53.125,29.166666666666668,3139,2,2132,0.0009372071227741331,0.10256729681190113,0.12232901259768393
57,59.375,29.166666666666668,3859,0,2401,0.0,0.11282402649309124,0.12213282164638779
58,65.625,29.166666666666668,3532,2,2090,0.0009560229445506692,0.10256729681190113,0.12162176388694927
59,71.875,29.166666666666668,2692,29,1558,0.018273471959672338,0.08686694958901685,0.12144841205917606
60,78.125,29.166666666666668,1868,212,921,0.18711385701676964,0.031277933318369935,0.10816722102990886
61,84.375,29.166666666666668,1054,178,428,0.29372937293729373,0.08715394207000922,0.11552548884645494
62,90.625,29.166666666666668,1256,235,333,0.4137323943661972,0.0676724726661248,0.11045747971163104
63,96.875,29.166666666666668,1406,57,229,0.1993006993006993,0.12021403285534839,0.15252715672110542
64,3.125,37.5,2876,0,781,0.0,0.11282402649309124,0.12222594792102053
65,9.375,37.5,3190,0,906,0.0,0.11282402649309124,0.12202540406791117
66,15.625,37.5,2331,1,904,0.0011049723756906078,0.15507050142199166,0.12207562755221539
67,21.875,37.5,2735,0,1391,0.0,0.11282402649309124,0.1220786436919566
68,28.125,37.5,3588,0,1987,0.0,0.11282402649309124,0.12203172291740653
69,34.375,37.5,3785,0,2377,0.0,0.11282402649309124,0.12213011805109666
70,40.625,37.5,3307,0,2154,0.0,0.11282402649309124,0.12220289817410801
71,46.875,37.5,2292,0,1573,0.0,0.11282402649309124,0.12207589014897546
72,53.125,37.5,2253,2,1495,0.0013360053440213762,0.10256729681190113,0.12208963935598559
73,59.375,37.5,2714,0,1664,0.0,0.11282402649309124,0.12126534812333047
74,65.625,37.5,3039,5,1699,0.0029342723004694834,0.090259221194473,0.12034556938410589
75,71.875,37.5,2232,98,1211,0.0748663101604278,0.03607186889713411,0.11367750643248672
76,78.125,37.5,1470,280,637,0.3053435114503817,0.04752160176620608,0.099635909599394
77,84.375,37.5,1004,346,295,0.5397815912636506,0.07173901784115252,0.10287131044903491
78,90.625,37.5,1214,410,214,0.657051282051282,0.08664297797642286,0.11062014278926674
79,96.875,37.5,1547,119,88,0.5748792270531401,0.10975885273281889,0.14076712104383948
80,3.125,45.833333333333336,6942,10,2230,0.004464285714285714,0.4085493509953942,0.1233009062336018
81,9.375,45.833333333333336,6763,4,2433,0.0016413623307345096,0.2606866887442427,0.1221853264525817
82,15.625,45.833333333333336,4378,1,2009,0.0004975124378109452,0.15507050142199166,0.12197083124829008
83,21.875,45.833333333333336,2665,0,1397,0.0,0.11282402649309124,0.12198508935098856
84,28.125,45.833333333333336,3708,0,2098,0.0,0.11282402649309124,0.1220182290310228
85,34.375,45.833333333333336,3514,0,2090,0.0,0.11282402649309124,0.12200549935783503
86,40.625,45.833333333333336,2125,2,1342,0.001488095238095238,0.10256729681190113,0.12204867416181533
87,46.875,45.833333333333336,3708,0,2449,0.0,0.11282402649309124,0.12195141370256618
88,53.125,45.833333333333336,3447,1,2335,0.0004280821917808219,0.10745145380294405,0.12156761997554674
89,59.375,45.833333333333336,1501,1,884,0.0011299435028248588,0.15507050142199166,0.12058073896518293
90,65.625,45.833333333333336,2443,11,1379,0.007913669064748202,0.07278969451167178,0.11916340865127559
91,71.875,45.833333333333336,2205,184,1118,0.141321044546851,0.045374904558146203,0.10883651110164363
92,78.125,45.833333333333336,1287,331,489,0.4036585365853659,0.06625777928735563,0.10171990068408343
93,84.375,45.833333333333336,1243,517,263,0.6628205128205128,0.10476067137776876,0.11849552906029065
94,90.625,45.833333333333336,1895,828,173,0.8271728271728271,0.15832132137955404,0.16241331233038164
95,96.875,45.833333333333336,1514,257,65,0.7981366459627329,0.31500534487314735,0.29525432909468324
96,3.125,54.166666666666664,6942,4,2304,0.0017331022530329288,0.2606866887442427,0.12222257895472453
97,9.375,54.166666666666664,6295,3,2165,0.0013837638376383763,0.22854263173312284,0.12209988107041246
98,15.625,54.166666666666664,4106,0,1817,0.0,0.11282402649309124,0.12188870205798255
99,21.875,54.166666666666664,2385,0,1264,0.0,0.11282402649309124,0.1219932944220691
100,28.125,54.166666666666664,3558,0,2030,0.0,0.11282402649309124,0.12197899268481378
101,34.375,54.166666666666664,3492,0,2147,0.0,0.11282402649309124,0.12203263294013512
102,40.625,54.166666666666664,2152,0,1331,0.0,0.11282402649309124,0.12201775823306575
103,46.875,54.166666666666664,3801,1,2617,0.0003819709702062643,0.10745145380294405,0.12187583048512396
104,53.125,54.166666666666664,3515,2,2395,0.0008343763037129745,0.10256729681190113,0.12152155277340058
105,59.375,54.166666666666664,1522,1,861,0.001160092807424594,0.10745145380294405,0.12022110721842247
106,65.625,54.166666666666664,2469,9,1414,0.006324666198172874,0.07780967344351121,0.11859005163292255
107,71.875,54.166666666666664,2218,210,1102,0.1600609756097561,0.03589774143418185,0.10570974349152815
108,78.125,54.166666666666664,1347,339,501,0.4035714285714286,0.05921025217231706,0.09883147011710595
109,84.375,54.166666666666664,1282,501,291,0.6325757575757576,0.09838096070990754,0.11510470061182225
110,90.625,54.166666666666664,2022,935,215,0.8130434782608695,0.20236280683755165,0.20052718342041037
111,96.875,54.166666666666664,1588,312,58,0.8432432432432433,0.3592062666562103,0.33740396735197076
112,3.125,62.5,3546,0,1389,0.0,0.11282402649309124,0.12246753695580502
113,9.375,62.5,3019,0,862,0.0,0.11282402649309124,0.12197290024124832
114,15.625,62.5,2038,0,806,0.0,0.11282402649309124,0.12197004871085451
115,21.875,62.5,2575,0,1394,0.0,0.11282402649309124,0.12197567159334868
116,28.125,62.5,3498,0,2011,0.0,0.11282402649309124,0.12201203434064264
117,34.375,62.5,4046,2,2471,0.0008087343307723412,0.10256729681190113,0.12197138308225733
118,40.625,62.5,3480,0,2270,0.0,0.11282402649309124,0.12194295867333031
119,46.875,62.5,2488,1,1725,0.0005793742757821553,0.10745145380294405,0.12185485356440166
120,53.125,62.5,2332,1,1570,0.0006365372374283895,0.10745145380294405,0.12156733940561118
121,59.375,62.5,2673,0,1702,0.0,0.11282402649309124,0.12070794608511447
122,65.625,62.5,2978,10,1774,0.005605381165919282,0.07521601766206083,0.11944593883389236
123,71.875,62.5,2382,127,1229,0.09365781710914454,0.049363813128311736,0.11270453848068043
124,78.125,62.5,1651,319,708,0.31061343719571566,0.05090407235947441,0.10026893548229035
125,84.375,62.5,1047,326,284,0.5344262295081967,0.078775955288618,0.1035607298184124
126,90.625,62.5,1197,409,196,0.6760330578512397,0.13812699424210215,0.14344307566836484
127,96.875,62.5,1522,158,88,0.6422764227642277,0.09132854230259452,0.1273670727239094
128,3.125,70.83333333333333,1585,0,311,0.0,0.11282402649309124,0.12206552858888041
129,9.375,70.83333333333333,2007,0,749,0.0,0.11282402649309124,0.12207462311216073
130,15.625,70.83333333333333,1759,0,826,0.0,0.11282402649309124,0.1220594850209708
131,21.875,70.83333333333333,2913,0,1674,0.0,0.11282402649309124,0.12203087505501185
132,28.125,70.83333333333333,3728,0,2191,0.0,0.11282402649309124,0.12203027528463364
133,34.375,70.83333333333333,4068,1,2423,0.00041254125412541255,0.10745145380294405,0.12199072454110702
134,40.625,70.83333333333333,4228,0,2676,0.0,0.11282402649309124,0.12195476279680462
135,46.875,70.83333333333333,2950,0,2010,0.0,0.11282402649309124,0.12198013142611804
136,53.125,70.83333333333333,3085,0,2126,0.0,0.11282402649309124,0.12172472924530708
137,59.375,70.83333333333333,3798,0,2468,0.0,0.11282402649309124,0.12138615698542345
138,65.625,70.83333333333333,3429,4,2077,0.0019221528111484864,0.09402002207757604,0.12069642055259605
139,71.875,70.83333333333333,2827,55,1651,0.03223915592028136,0.030086407064824332,0.11743345521064316
140,78.125,70.83333333333333,1924,206,1011,0.16926869350862778,0.04538265721177799,0.11032665820608673
141,84.375,70.83333333333333,1112,256,446,0.3646723646723647,0.04078434974587618,0.09699373575322122
142,90.625,70.83333333333333,1386,258,364,0.41479099678456594,0.04049093715777635,0.09797855629518629
143,96.875,70.83333333333333,1558,58,238,0.19594594594594594,0.08021128884438238,0.14494043206031312
144,3.125,79.16666666666667,889,0,165,0.0,0.11282402649309124,0.12206451340318035
145,9.375,79.16666666666667,1206,0,497,0.0,0.11282402649309124,0.12205773684806065
146,15.625,79.16666666666667,1084,0,549,0.0,0.11282402649309124,0.12208559709100256
147,21.875,79.16666666666667,2163,0,1243,0.0,0.11282402649309124,0.12202557012310457
148,28.125,79.16666666666667,3085,0,1705,0.0,0.11282402649309124,0.12199426147253141
149,34.375,79.16666666666667,3486,0,1949,0.0,0.11282402649309124,0.12197918945413275
150,40.625,79.16666666666667,3292,1,1909,0.0005235602094240838,0.10745145380294405,0.12202275499138586
151,46.875,79.16666666666667,2296,0,1443,0.0,0.11282402649309124,0.12188911191722472
152,53.125,79.16666666666667,2443,0,1590,0.0,0.11282402649309124,0.12189683364790144
153,59.375,79.16666666666667,3330,0,2184,0.0,0.11282402649309124,0.12183303248824157
154,65.625,79.16666666666667,3342,1,2114,0.00047281323877068556,0.10745145380294405,0.12194756754466804
155,71.875,79.16666666666667,2918,7,1787,0.0039018952062430325,0.1206103899948824,0.12292842282014613
156,78.125,79.16666666666667,1691,24,911,0.025668449197860963,0.051283648405950566,0.12363479837635134
157,84.375,79.16666666666667,859,9,414,0.02127659574468085,0.07780967344351121,0.12613576038988197
158,90.625,79.16666666666667,1177,14,444,0.03056768558951965,0.12519060381946545,0.1363438215994711
159,96.875,79.16666666666667,1110,1,214,0.004651162790697674,0.10745145380294405,0.14806403543298632
160,3.125,87.5,932,0,216,0.0,0.11282402649309124,0.12204385898319844
161,9.375,87.5,1416,0,520,0.0,0.11282402649309124,0.12201801599454482
162,15.625,87.5,1702,0,761,0.0,0.11282402649309124,0.12199745559255873
163,21.875,87.5,2137,0,1058,0.0,0.11282402649309124,0.12201346842767748
164,28.125,87.5,2921,0,1468,0.0,0.11282402649309124,0.12196386455296658
165,34.375,87.5,3287,0,1635,0.0,0.11282402649309124,0.12196594754261088
166,40.625,87.5,3257,0,1785,0.0,0.11282402649309124,0.12206356695643834
167,46.875,87.5,2142,1,1257,0.000794912559618442,0.10745145380294405,0.12197232684825673
168,53.125,87.5,2476,0,1605,0.0,0.11282402649309124,0.1220429054192981
169,59.375,87.5,3781,0,2302,0.0,0.11282402649309124,0.12212224167212737
170,65.625,87.5,3566,0,2247,0.0,0.11282402649309124,0.1221737950408923
171,71.875,87.5,2982,2,1856,0.001076426264800861,0.14802184226644657,0.12284572698967143
172,78.125,87.5,2194,0,1317,0.0,0.11282402649309124,0.12425322443441868
173,84.375,87.5,1647,0,812,0.0,0.11282402649309124,0.1276130603168854
174,90.625,87.5,1594,3,643,0.0046439628482972135,0.14158610999399238,0.1309973823171201
175,96.875,87.5,913,0,214,0.0,0.11282402649309124,0.14200610099311764
176,3.125,95.83333333333333,785,0,129,0.0,0.11282402649309124,0.1220195038864704
177,9.375,95.83333333333333,1436,0,359,0.0,0.11282402649309124,0.12198451349261502
178,15.625,95.83333333333333,1953,0,604,0.0,0.11282402649309124,0.12200441176214974
179,21.875,95.83333333333333,2567,0,989,0.0,0.11282402649309124,0.12195151645663238
180,28.125,95.83333333333333,3484,0,1281,0.0,0.11282402649309124,0.12200351163507622
181,34.375,95.83333333333333,3791,0,1476,0.0,0.11282402649309124,0.12197104514768771
182,40.625,95.83333333333333,3805,0,1511,0.0,0.11282402649309124,0.12199334171745088
183,46.875,95.83333333333333,2629,0,1175,0.0,0.11282402649309124,0.12202987064546723
184,53.125,95.83333333333333,2945,0,1444,0.0,0.11282402649309124,0.12229087034854953
185,59.375,95.83333333333333,4178,0,2075,0.0,0.11282402649309124,0.12225174845212843
186,65.625,95.83333333333333,4385,0,2154,0.0,0.11282402649309124,0.12267426761669521
187,71.875,95.83333333333333,3719,2,1907,0.0010476689366160294,0.14802184226644657,0.12370469946873408
188,78.125,95.83333333333333,2942,0,1443,0.0,0.11282402649309124,0.12468470438872284
189,84.375,95.83333333333333,2091,0,942,0.0,0.11282402649309124,0.1280748908727124
190,90.625,95.83333333333333,1726,0,634,0.0,0.11282402649309124,0.1304546306486972
191,96.875,95.83333333333333,2336,1,878,0.0011376564277588168,0.15507050142199166,0.15865885065993374
