match_file,event_id,period_id,time_min,time_sec,contestant_id,team_name,player_id,player_name,type_id,action_type,x,y,linked,link_type,disruption_score,linked_pass_event_id,linked_pass_team,linked_pass_player,linked_pass_start_x,linked_pass_start_y,linked_pass_end_x,linked_pass_end_y
2025-10-31_PSV Eindhoven - Fortuna Sittard,6,1,0,55,3ebril33e08ddzob4bhq8awsr,Fortuna Sittard,dp0q4f4gbj2buhcu1lb5dzxed,Ivo Pinto,12,Clearance,8.715000000000002,32.164,False,,,,,,,,,
2025-10-31_PSV Eindhoven - Fortuna Sittard,8,1,1,26,3ebril33e08ddzob4bhq8awsr,Fortuna Sittard,7b4jmfu1ejoeci2zmvwuejnys,P. Brittijn,49,Ball Recovery,8.61,50.048,False,,,,,,,,,
2025-10-31_PSV Eindhoven - Fortuna Sittard,25,1,2,48,3ebril33e08ddzob4bhq8awsr,Fortuna Sittard,44m4s9f1ckgdavmqjo0icx016,R. Fosso,44,Aerial Duel,36.645,25.16,False,,,,,,,,,
2025-10-31_PSV Eindhoven - Fortuna Sittard,32,1,2,48,24fvcruwqrqvqa3aonf8c3zuy,PSV Eindhoven,c6ip6gwp8yvchd1n3dv42go9,Mauro Júnior,44,Aerial Duel,68.355,42.84,False,,,,,,,,,
2025-10-31_PSV Eindhoven - Fortuna Sittard,60,1,2,52,24fvcruwqrqvqa3aonf8c3zuy,PSV Eindhoven,d4j19ipiaeuetyij08fofgs15,J. Veerman,44,Aerial Duel,62.580000000000005,45.356,False,,,,,,,,,
2025-10-31_PSV Eindhoven - Fortuna Sittard,27,1,2,52,3ebril33e08ddzob4bhq8awsr,Fortuna Sittard,7b4jmfu1ejoeci2zmvwuejnys,P. Brittijn,44,Aerial Duel,42.42,22.644,False,,,,,,,,,
2025-10-31_PSV Eindhoven - Fortuna Sittard,31,1,3,3,3ebril33e08ddzob4bhq8awsr,Fortuna Sittard,dp0q4f4gbj2buhcu1lb5dzxed,Ivo Pinto,12,Clearance,4.41,9.384,False,,,,,,,,,
2025-10-31_PSV Eindhoven - Fortuna Sittard,67,1,5,9,24fvcruwqrqvqa3aonf8c3zuy,PSV Eindhoven,cmdeqxibr6holfqg17ap9uihg,Yarek Gąsiorowski,44,Aerial Duel,49.245,36.720000000000006,True,intercepted,0.3614153951485205,47,Fortuna Sittard,M. Branderhorst,10.08,30.532,55.755,31.28
2025-10-31_PSV Eindhoven - Fortuna Sittard,48,1,5,9,3ebril33e08ddzob4bhq8awsr,Fortuna Sittard,4jauu6ue076rbeq56exa4bcyy,M. Aïko,44,Aerial Duel,55.755,31.28,False,,,,,,,,,
2025-10-31_PSV Eindhoven - Fortuna Sittard,69,1,5,11,24fvcruwqrqvqa3aonf8c3zuy,PSV Eindhoven,c6ip6gwp8yvchd1n3dv42go9,Mauro Júnior,49,Ball Recovery,47.46000000000001,31.28,False,,,,,,,,,
2025-10-31_PSV Eindhoven - Fortuna Sittard,49,1,5,13,3ebril33e08ddzob4bhq8awsr,Fortuna Sittard,9zryne6aa951ltubvjo0gk12i,M. Ihattaren,49,Ball Recovery,60.795,31.076000000000004,True,recovery,0.9707100880236078,70,PSV Eindhoven,Mauro Júnior,47.46000000000001,31.28,38.745,36.720000000000006
2025-10-31_PSV Eindhoven - Fortuna Sittard,81,1,6,36,24fvcruwqrqvqa3aonf8c3zuy,PSV Eindhoven,dxmulnxbs11kpi1goq5hl9cve,A. Salah-Eddine,49,Ball Recovery,58.800000000000004,38.828,True,recovery,0.38406797950488436,759,Fortuna Sittard,Iván Márquez,11.13,40.732,54.18000000000001,31.96
2025-10-31_PSV Eindhoven - Fortuna Sittard,89,1,7,18,24fvcruwqrqvqa3aonf8c3zuy,PSV Eindhoven,dxmulnxbs11kpi1goq5hl9cve,A. Salah-Eddine,50,Dispossessed,49.35,55.080000000000005,False,,,,,,,,,
2025-10-31_PSV Eindhoven - Fortuna Sittard,65,1,7,18,3ebril33e08ddzob4bhq8awsr,Fortuna Sittard,4jauu6ue076rbeq56exa4bcyy,M. Aïko,7,Tackle,55.650000000000006,12.920000000000002,False,,,,,,,,,
2025-10-31_PSV Eindhoven - Fortuna Sittard,90,1,7,20,24fvcruwqrqvqa3aonf8c3zuy,PSV Eindhoven,dxmulnxbs11kpi1goq5hl9cve,A. Salah-Eddine,49,Ball Recovery,54.285000000000004,57.324000000000005,False,,,,,,,,,
2025-10-31_PSV Eindhoven - Fortuna Sittard,68,1,7,40,3ebril33e08ddzob4bhq8awsr,Fortuna Sittard,2ifp36vdm0d6rb3xc7muuvv11,D. Limnios,7,Tackle,57.12,52.904,False,,,,,,,,,
2025-10-31_PSV Eindhoven - Fortuna Sittard,69,1,7,48,3ebril33e08ddzob4bhq8awsr,Fortuna Sittard,bnkzwpd607re6s01oa77wcodm,J. Dahlhaus,49,Ball Recovery,56.175000000000004,56.236000000000004,False,,,,,,,,,
2025-10-31_PSV Eindhoven - Fortuna Sittard,103,1,7,58,24fvcruwqrqvqa3aonf8c3zuy,PSV Eindhoven,d4j19ipiaeuetyij08fofgs15,J. Veerman,12,Clearance,4.9350000000000005,19.652,False,,,,,,,,,
2025-10-31_PSV Eindhoven - Fortuna Sittard,105,1,8,1,24fvcruwqrqvqa3aonf8c3zuy,PSV Eindhoven,9vf02r3geinhsy732oxyrcacq,I. Saibari,49,Ball Recovery,28.56,23.664,False,,,,,,,,,
2025-10-31_PSV Eindhoven - Fortuna Sittard,109,1,8,37,24fvcruwqrqvqa3aonf8c3zuy,PSV Eindhoven,cs4aca71qkt1ru20ppmi6djl6,M. Kovář,49,Ball Recovery,9.345,30.056000000000004,True,recovery,0.11871743930470469,76,Fortuna Sittard,M. Branderhorst,13.23,34.884,92.4,47.804
2025-10-31_PSV Eindhoven - Fortuna Sittard,81,1,9,47,3ebril33e08ddzob4bhq8awsr,Fortuna Sittard,4jauu6ue076rbeq56exa4bcyy,M. Aïko,8,Interception,58.905,15.504000000000001,False,,,,,,,,,
2025-10-31_PSV Eindhoven - Fortuna Sittard,83,1,9,49,3ebril33e08ddzob4bhq8awsr,Fortuna Sittard,9zryne6aa951ltubvjo0gk12i,M. Ihattaren,49,Ball Recovery,58.905,8.16,False,,,,,,,,,
2025-10-31_PSV Eindhoven - Fortuna Sittard,134,1,10,47,24fvcruwqrqvqa3aonf8c3zuy,PSV Eindhoven,biee6dvb524juzai7iryyskix,D. Man,49,Ball Recovery,70.455,5.1000000000000005,False,,,,,,,,,
2025-10-31_PSV Eindhoven - Fortuna Sittard,143,1,11,56,24fvcruwqrqvqa3aonf8c3zuy,PSV Eindhoven,cmdeqxibr6holfqg17ap9uihg,Yarek Gąsiorowski,44,Aerial Duel,35.07,15.096,False,,,,,,,,,
2025-10-31_PSV Eindhoven - Fortuna Sittard,103,1,11,56,3ebril33e08ddzob4bhq8awsr,Fortuna Sittard,9o10vhew3jar8tqnkabw0qoyx,J. Lonwijk,44,Aerial Duel,69.92999999999999,52.904,False,,,,,,,,,
2025-10-31_PSV Eindhoven - Fortuna Sittard,116,1,13,5,3ebril33e08ddzob4bhq8awsr,Fortuna Sittard,8przxwwothu3crflys7ahl4dm,S. Adewoye,49,Ball Recovery,40.32,43.044000000000004,False,,,,,,,,,
2025-10-31_PSV Eindhoven - Fortuna Sittard,158,1,13,22,24fvcruwqrqvqa3aonf8c3zuy,PSV Eindhoven,5lvdnoyknuoyr6kdruposgctl,J. Schouten,49,Ball Recovery,65.52,5.1000000000000005,False,,,,,,,,,
2025-10-31_PSV Eindhoven - Fortuna Sittard,159,1,13,22,24fvcruwqrqvqa3aonf8c3zuy,PSV Eindhoven,5lvdnoyknuoyr6kdruposgctl,J. Schouten,50,Dispossessed,62.370000000000005,4.760000000000001,False,,,,,,,,,
2025-10-31_PSV Eindhoven - Fortuna Sittard,123,1,13,22,3ebril33e08ddzob4bhq8awsr,Fortuna Sittard,2ifp36vdm0d6rb3xc7muuvv11,D. Limnios,7,Tackle,42.63,63.24,False,,,,,,,,,
2025-10-31_PSV Eindhoven - Fortuna Sittard,125,1,13,24,3ebril33e08ddzob4bhq8awsr,Fortuna Sittard,44m4s9f1ckgdavmqjo0icx016,R. Fosso,7,Tackle,40.32,64.05600000000001,False,,,,,,,,,
2025-10-31_PSV Eindhoven - Fortuna Sittard,126,1,13,26,3ebril33e08ddzob4bhq8awsr,Fortuna Sittard,2ifp36vdm0d6rb3xc7muuvv11,D. Limnios,49,Ball Recovery,47.775,65.688,False,,,,,,,,,
2025-10-31_PSV Eindhoven - Fortuna Sittard,163,1,13,31,24fvcruwqrqvqa3aonf8c3zuy,PSV Eindhoven,b0me6l44boibnwpbtasxoy02x,S. Dest,49,Ball Recovery,46.830000000000005,4.352,False,,,,,,,,,
2025-10-31_PSV Eindhoven - Fortuna Sittard,165,1,13,34,24fvcruwqrqvqa3aonf8c3zuy,PSV Eindhoven,21k54i5a6d9bi4f6gplgzxiw9,G. Til,50,Dispossessed,62.160000000000004,17.816000000000003,False,,,,,,,,,
2025-10-31_PSV Eindhoven - Fortuna Sittard,128,1,13,34,3ebril33e08ddzob4bhq8awsr,Fortuna Sittard,7b4jmfu1ejoeci2zmvwuejnys,P. Brittijn,7,Tackle,42.839999999999996,50.184000000000005,False,,,,,,,,,
2025-10-31_PSV Eindhoven - Fortuna Sittard,129,1,13,36,3ebril33e08ddzob4bhq8awsr,Fortuna Sittard,9zryne6aa951ltubvjo0gk12i,M. Ihattaren,49,Ball Recovery,46.830000000000005,49.57200000000001,False,,,,,,,,,
2025-10-31_PSV Eindhoven - Fortuna Sittard,166,1,13,40,24fvcruwqrqvqa3aonf8c3zuy,PSV Eindhoven,c6ip6gwp8yvchd1n3dv42go9,Mauro Júnior,49,Ball Recovery,44.94,18.224,False,,,,,,,,,
2025-10-31_PSV Eindhoven - Fortuna Sittard,185,1,14,22,24fvcruwqrqvqa3aonf8c3zuy,PSV Eindhoven,9vf02r3geinhsy732oxyrcacq,I. Saibari,50,Dispossessed,70.455,20.944000000000003,False,,,,,,,,,
2025-10-31_PSV Eindhoven - Fortuna Sittard,131,1,14,22,3ebril33e08ddzob4bhq8awsr,Fortuna Sittard,4jauu6ue076rbeq56exa4bcyy,M. Aïko,7,Tackle,34.545,47.056000000000004,False,,,,,,,,,
2025-10-31_PSV Eindhoven - Fortuna Sittard,197,1,15,16,24fvcruwqrqvqa3aonf8c3zuy,PSV Eindhoven,5lvdnoyknuoyr6kdruposgctl,J. Schouten,44,Aerial Duel,40.95,12.852,False,,,,,,,,,
2025-10-31_PSV Eindhoven - Fortuna Sittard,135,1,15,16,3ebril33e08ddzob4bhq8awsr,Fortuna Sittard,9o10vhew3jar8tqnkabw0qoyx,J. Lonwijk,44,Aerial Duel,64.05,55.148,False,,,,,,,,,
2025-10-31_PSV Eindhoven - Fortuna Sittard,199,1,15,22,24fvcruwqrqvqa3aonf8c3zuy,PSV Eindhoven,c6ip6gwp8yvchd1n3dv42go9,Mauro Júnior,49,Ball Recovery,46.935,22.508000000000003,False,,,,,,,,,
2025-10-31_PSV Eindhoven - Fortuna Sittard,142,1,15,33,3ebril33e08ddzob4bhq8awsr,Fortuna Sittard,dp0q4f4gbj2buhcu1lb5dzxed,Ivo Pinto,49,Ball Recovery,16.17,6.460000000000001,False,,,,,,,,,
2025-10-31_PSV Eindhoven - Fortuna Sittard,203,1,15,37,24fvcruwqrqvqa3aonf8c3zuy,PSV Eindhoven,d4j19ipiaeuetyij08fofgs15,J. Veerman,7,Tackle,72.24,60.86000000000001,False,,,,,,,,,
2025-10-31_PSV Eindhoven - Fortuna Sittard,204,1,15,38,24fvcruwqrqvqa3aonf8c3zuy,PSV Eindhoven,d4j19ipiaeuetyij08fofgs15,J. Veerman,49,Ball Recovery,75.075,63.444,False,,,,,,,,,
2025-10-31_PSV Eindhoven - Fortuna Sittard,145,1,15,46,3ebril33e08ddzob4bhq8awsr,Fortuna Sittard,44m4s9f1ckgdavmqjo0icx016,R. Fosso,12,Clearance,11.97,29.308000000000003,False,,,,,,,,,
2025-10-31_PSV Eindhoven - Fortuna Sittard,150,1,17,57,3ebril33e08ddzob4bhq8awsr,Fortuna Sittard,570htztcvfsu947xw6fvtzmc5,Iván Márquez,44,Aerial Duel,56.28,45.424,False,,,,,,,,,
2025-10-31_PSV Eindhoven - Fortuna Sittard,226,1,17,57,24fvcruwqrqvqa3aonf8c3zuy,PSV Eindhoven,9vf02r3geinhsy732oxyrcacq,I. Saibari,44,Aerial Duel,48.72,22.576000000000004,True,intercepted,0.19623510966249394,149,Fortuna Sittard,M. Branderhorst,28.665000000000003,33.660000000000004,83.79,34.34
2025-10-31_PSV Eindhoven - Fortuna Sittard,227,1,18,1,24fvcruwqrqvqa3aonf8c3zuy,PSV Eindhoven,biee6dvb524juzai7iryyskix,D. Man,49,Ball Recovery,41.79,2.04,False,,,,,,,,,
2025-10-31_PSV Eindhoven - Fortuna Sittard,152,1,18,4,3ebril33e08ddzob4bhq8awsr,Fortuna Sittard,bnkzwpd607re6s01oa77wcodm,J. Dahlhaus,49,Ball Recovery,35.7,57.664,False,,,,,,,,,
2025-10-31_PSV Eindhoven - Fortuna Sittard,232,1,18,27,24fvcruwqrqvqa3aonf8c3zuy,PSV Eindhoven,cs4aca71qkt1ru20ppmi6djl6,M. Kovář,49,Ball Recovery,16.38,48.008,False,,,,,,,,,
2025-10-31_PSV Eindhoven - Fortuna Sittard,259,1,21,13,24fvcruwqrqvqa3aonf8c3zuy,PSV Eindhoven,5lvdnoyknuoyr6kdruposgctl,J. Schouten,49,Ball Recovery,35.595,49.164,False,,,,,,,,,
2025-10-31_PSV Eindhoven - Fortuna Sittard,280,1,22,30,24fvcruwqrqvqa3aonf8c3zuy,PSV Eindhoven,biee6dvb524juzai7iryyskix,D. Man,49,Ball Recovery,57.855000000000004,29.852,False,,,,,,,,,
2025-10-31_PSV Eindhoven - Fortuna Sittard,284,1,22,54,24fvcruwqrqvqa3aonf8c3zuy,PSV Eindhoven,cmdeqxibr6holfqg17ap9uihg,Yarek Gąsiorowski,49,Ball Recovery,12.705,62.084,False,,,,,,,,,
2025-10-31_PSV Eindhoven - Fortuna Sittard,293,1,23,56,24fvcruwqrqvqa3aonf8c3zuy,PSV Eindhoven,2gsq05yyxwe4f8t79j6d49q6t,I. Perišić,7,Tackle,65.31,44.744,False,,,,,,,,,
2025-10-31_PSV Eindhoven - Fortuna Sittard,184,1,24,52,3ebril33e08ddzob4bhq8awsr,Fortuna Sittard,8przxwwothu3crflys7ahl4dm,S. Adewoye,49,Ball Recovery,7.245000000000001,11.356,False,,,,,,,,,
2025-10-31_PSV Eindhoven - Fortuna Sittard,308,1,24,58,24fvcruwqrqvqa3aonf8c3zuy,PSV Eindhoven,5lvdnoyknuoyr6kdruposgctl,J. Schouten,8,Interception,76.33500000000001,60.588,False,,,,,,,,,
2025-10-31_PSV Eindhoven - Fortuna Sittard,191,1,25,8,3ebril33e08ddzob4bhq8awsr,Fortuna Sittard,4jauu6ue076rbeq56exa4bcyy,M. Aïko,44,Aerial Duel,64.575,25.16,False,,,,,,,,,
2025-10-31_PSV Eindhoven - Fortuna Sittard,309,1,25,8,24fvcruwqrqvqa3aonf8c3zuy,PSV Eindhoven,cmdeqxibr6holfqg17ap9uihg,Yarek Gąsiorowski,44,Aerial Duel,40.425000000000004,42.84,False,,,,,,,,,
2025-10-31_PSV Eindhoven - Fortuna Sittard,311,1,25,12,24fvcruwqrqvqa3aonf8c3zuy,PSV Eindhoven,b0me6l44boibnwpbtasxoy02x,S. Dest,49,Ball Recovery,34.86000000000001,31.076000000000004,False,,,,,,,,,
2025-10-31_PSV Eindhoven - Fortuna Sittard,193,1,25,14,3ebril33e08ddzob4bhq8awsr,Fortuna Sittard,44m4s9f1ckgdavmqjo0icx016,R. Fosso,7,Tackle,65.73,39.304,False,,,,,,,,,
2025-10-31_PSV Eindhoven - Fortuna Sittard,194,1,25,15,3ebril33e08ddzob4bhq8awsr,Fortuna Sittard,44m4s9f1ckgdavmqjo0icx016,R. Fosso,49,Ball Recovery,68.565,44.47200000000001,False,,,,,,,,,
2025-10-31_PSV Eindhoven - Fortuna Sittard,316,1,26,3,24fvcruwqrqvqa3aonf8c3zuy,PSV Eindhoven,cmdeqxibr6holfqg17ap9uihg,Yarek Gąsiorowski,44,Aerial Duel,8.085,33.388000000000005,False,,,,,,,,,
2025-10-31_PSV Eindhoven - Fortuna Sittard,200,1,26,3,3ebril33e08ddzob4bhq8awsr,Fortuna Sittard,4jauu6ue076rbeq56exa4bcyy,M. Aïko,44,Aerial Duel,96.915,34.612,False,,,,,,,,,
2025-10-31_PSV Eindhoven - Fortuna Sittard,317,1,26,3,24fvcruwqrqvqa3aonf8c3zuy,PSV Eindhoven,cmdeqxibr6holfqg17ap9uihg,Yarek Gąsiorowski,12,Clearance,8.085,33.388000000000005,False,,,,,,,,,
2025-10-31_PSV Eindhoven - Fortuna Sittard,214,1,29,37,3ebril33e08ddzob4bhq8awsr,Fortuna Sittard,570htztcvfsu947xw6fvtzmc5,Iván Márquez,12,Clearance,55.44,61.948,False,,,,,,,,,
2025-10-31_PSV Eindhoven - Fortuna Sittard,370,1,30,52,24fvcruwqrqvqa3aonf8c3zuy,PSV Eindhoven,b0me6l44boibnwpbtasxoy02x,S. Dest,50,Dispossessed,103.95,7.072000000000001,False,,,,,,,,,
2025-10-31_PSV Eindhoven - Fortuna Sittard,216,1,30,52,3ebril33e08ddzob4bhq8awsr,Fortuna Sittard,bnkzwpd607re6s01oa77wcodm,J. Dahlhaus,7,Tackle,1.05,60.928,False,,,,,,,,,
2025-10-31_PSV Eindhoven - Fortuna Sittard,408,1,31,22,24fvcruwqrqvqa3aonf8c3zuy,PSV Eindhoven,21k54i5a6d9bi4f6gplgzxiw9,G. Til,44,Aerial Duel,98.28,35.156000000000006,False,,,,,,,,,
2025-10-31_PSV Eindhoven - Fortuna Sittard,220,1,31,22,3ebril33e08ddzob4bhq8awsr,Fortuna Sittard,8przxwwothu3crflys7ahl4dm,S. Adewoye,44,Aerial Duel,6.720000000000001,32.844,False,,,,,,,,,
2025-10-31_PSV Eindhoven - Fortuna Sittard,222,1,31,26,3ebril33e08ddzob4bhq8awsr,Fortuna Sittard,2ifp36vdm0d6rb3xc7muuvv11,D. Limnios,12,Clearance,7.9799999999999995,24.344,False,,,,,,,,,
2025-10-31_PSV Eindhoven - Fortuna Sittard,384,1,32,29,24fvcruwqrqvqa3aonf8c3zuy,PSV Eindhoven,cmdeqxibr6holfqg17ap9uihg,Yarek Gąsiorowski,44,Aerial Duel,42.945,19.856,False,,,,,,,,,
2025-10-31_PSV Eindhoven - Fortuna Sittard,227,1,32,29,3ebril33e08ddzob4bhq8awsr,Fortuna Sittard,4jauu6ue076rbeq56exa4bcyy,M. Aïko,44,Aerial Duel,62.05500000000001,48.144,False,,,,,,,,,
2025-10-31_PSV Eindhoven - Fortuna Sittard,385,1,32,29,24fvcruwqrqvqa3aonf8c3zuy,PSV Eindhoven,cmdeqxibr6holfqg17ap9uihg,Yarek Gąsiorowski,12,Clearance,42.945,19.856,False,,,,,,,,,
2025-10-31_PSV Eindhoven - Fortuna Sittard,439,1,32,30,24fvcruwqrqvqa3aonf8c3zuy,PSV Eindhoven,b0me6l44boibnwpbtasxoy02x,S. Dest,44,Aerial Duel,41.685,19.448000000000004,False,,,,,,,,,
2025-10-31_PSV Eindhoven - Fortuna Sittard,228,1,32,30,3ebril33e08ddzob4bhq8awsr,Fortuna Sittard,2ifp36vdm0d6rb3xc7muuvv11,D. Limnios,44,Aerial Duel,63.315,48.55200000000001,False,,,,,,,,,
2025-10-31_PSV Eindhoven - Fortuna Sittard,388,1,32,34,24fvcruwqrqvqa3aonf8c3zuy,PSV Eindhoven,c6ip6gwp8yvchd1n3dv42go9,Mauro Júnior,49,Ball Recovery,46.515,26.996000000000002,False,,,,,,,,,
2025-10-31_PSV Eindhoven - Fortuna Sittard,232,1,33,30,3ebril33e08ddzob4bhq8awsr,Fortuna Sittard,2ifp36vdm0d6rb3xc7muuvv11,D. Limnios,12,Clearance,21.945,42.024,False,,,,,,,,,
2025-10-31_PSV Eindhoven - Fortuna Sittard,234,1,33,55,3ebril33e08ddzob4bhq8awsr,Fortuna Sittard,9zryne6aa951ltubvjo0gk12i,M. Ihattaren,49,Ball Recovery,35.910000000000004,30.26,False,,,,,,,,,
2025-10-31_PSV Eindhoven - Fortuna Sittard,416,1,35,0,24fvcruwqrqvqa3aonf8c3zuy,PSV Eindhoven,5lvdnoyknuoyr6kdruposgctl,J. Schouten,49,Ball Recovery,45.15,28.968000000000004,False,,,,,,,,,
2025-10-31_PSV Eindhoven - Fortuna Sittard,256,1,35,24,3ebril33e08ddzob4bhq8awsr,Fortuna Sittard,8przxwwothu3crflys7ahl4dm,S. Adewoye,49,Ball Recovery,26.775000000000002,12.784,False,,,,,,,,,
2025-10-31_PSV Eindhoven - Fortuna Sittard,431,1,35,31,24fvcruwqrqvqa3aonf8c3zuy,PSV Eindhoven,d4j19ipiaeuetyij08fofgs15,J. Veerman,49,Ball Recovery,46.30500000000001,55.35200000000001,False,,,,,,,,,
2025-10-31_PSV Eindhoven - Fortuna Sittard,262,1,37,47,3ebril33e08ddzob4bhq8awsr,Fortuna Sittard,570htztcvfsu947xw6fvtzmc5,Iván Márquez,12,Clearance,10.815000000000001,46.71600000000001,False,,,,,,,,,
2025-10-31_PSV Eindhoven - Fortuna Sittard,461,1,37,53,24fvcruwqrqvqa3aonf8c3zuy,PSV Eindhoven,b0me6l44boibnwpbtasxoy02x,S. Dest,50,Dispossessed,78.22500000000001,10.268,False,,,,,,,,,
2025-10-31_PSV Eindhoven - Fortuna Sittard,263,1,37,53,3ebril33e08ddzob4bhq8awsr,Fortuna Sittard,44m4s9f1ckgdavmqjo0icx016,R. Fosso,7,Tackle,26.775000000000002,57.732000000000006,False,,,,,,,,,
2025-10-31_PSV Eindhoven - Fortuna Sittard,264,1,37,53,3ebril33e08ddzob4bhq8awsr,Fortuna Sittard,44m4s9f1ckgdavmqjo0icx016,R. Fosso,49,Ball Recovery,32.76,56.57600000000001,False,,,,,,,,,
2025-10-31_PSV Eindhoven - Fortuna Sittard,462,1,38,0,24fvcruwqrqvqa3aonf8c3zuy,PSV Eindhoven,9vf02r3geinhsy732oxyrcacq,I. Saibari,49,Ball Recovery,64.78500000000001,24.276000000000003,False,,,,,,,,,
2025-10-31_PSV Eindhoven - Fortuna Sittard,269,1,38,15,3ebril33e08ddzob4bhq8awsr,Fortuna Sittard,9o10vhew3jar8tqnkabw0qoyx,J. Lonwijk,49,Ball Recovery,31.290000000000003,21.624000000000002,False,,,,,,,,,
2025-10-31_PSV Eindhoven - Fortuna Sittard,471,1,38,33,24fvcruwqrqvqa3aonf8c3zuy,PSV Eindhoven,d4j19ipiaeuetyij08fofgs15,J. Veerman,49,Ball Recovery,41.685,60.656000000000006,False,,,,,,,,,
2025-10-31_PSV Eindhoven - Fortuna Sittard,277,1,39,11,3ebril33e08ddzob4bhq8awsr,Fortuna Sittard,44m4s9f1ckgdavmqjo0icx016,R. Fosso,8,Interception,8.4,61.744,False,,,,,,,,,
2025-10-31_PSV Eindhoven - Fortuna Sittard,278,1,39,11,3ebril33e08ddzob4bhq8awsr,Fortuna Sittard,44m4s9f1ckgdavmqjo0icx016,R. Fosso,49,Ball Recovery,6.405,63.580000000000005,False,,,,,,,,,
2025-10-31_PSV Eindhoven - Fortuna Sittard,282,1,39,58,3ebril33e08ddzob4bhq8awsr,Fortuna Sittard,44m4s9f1ckgdavmqjo0icx016,R. Fosso,49,Ball Recovery,4.9350000000000005,60.724000000000004,False,,,,,,,,,
2025-10-31_PSV Eindhoven - Fortuna Sittard,295,1,41,27,3ebril33e08ddzob4bhq8awsr,Fortuna Sittard,2ifp36vdm0d6rb3xc7muuvv11,D. Limnios,49,Ball Recovery,23.31,51.272000000000006,False,,,,,,,,,
2025-10-31_PSV Eindhoven - Fortuna Sittard,523,1,43,0,24fvcruwqrqvqa3aonf8c3zuy,PSV Eindhoven,d4j19ipiaeuetyij08fofgs15,J. Veerman,7,Tackle,29.085,18.564,False,,,,,,,,,
2025-10-31_PSV Eindhoven - Fortuna Sittard,524,1,43,1,24fvcruwqrqvqa3aonf8c3zuy,PSV Eindhoven,d4j19ipiaeuetyij08fofgs15,J. Veerman,49,Ball Recovery,25.095,18.224,False,,,,,,,,,
2025-10-31_PSV Eindhoven - Fortuna Sittard,321,1,43,20,3ebril33e08ddzob4bhq8awsr,Fortuna Sittard,9o10vhew3jar8tqnkabw0qoyx,J. Lonwijk,49,Ball Recovery,26.985,26.044,False,,,,,,,,,
2025-10-31_PSV Eindhoven - Fortuna Sittard,332,1,43,57,3ebril33e08ddzob4bhq8awsr,Fortuna Sittard,dp0q4f4gbj2buhcu1lb5dzxed,Ivo Pinto,50,Dispossessed,39.27,3.2640000000000002,False,,,,,,,,,
2025-10-31_PSV Eindhoven - Fortuna Sittard,530,1,43,57,24fvcruwqrqvqa3aonf8c3zuy,PSV Eindhoven,dxmulnxbs11kpi1goq5hl9cve,A. Salah-Eddine,7,Tackle,65.73,64.736,False,,,,,,,,,
2025-10-31_PSV Eindhoven - Fortuna Sittard,337,1,45,1,3ebril33e08ddzob4bhq8awsr,Fortuna Sittard,8przxwwothu3crflys7ahl4dm,S. Adewoye,49,Ball Recovery,17.955000000000002,42.568000000000005,False,,,,,,,,,
2025-10-31_PSV Eindhoven - Fortuna Sittard,543,1,45,4,24fvcruwqrqvqa3aonf8c3zuy,PSV Eindhoven,c6ip6gwp8yvchd1n3dv42go9,Mauro Júnior,49,Ball Recovery,69.825,18.360000000000003,False,,,,,,,,,
2025-10-31_PSV Eindhoven - Fortuna Sittard,555,1,45,56,24fvcruwqrqvqa3aonf8c3zuy,PSV Eindhoven,biee6dvb524juzai7iryyskix,D. Man,44,Aerial Duel,94.08,34.884,False,,,,,,,,,
2025-10-31_PSV Eindhoven - Fortuna Sittard,343,1,45,56,3ebril33e08ddzob4bhq8awsr,Fortuna Sittard,8przxwwothu3crflys7ahl4dm,S. Adewoye,44,Aerial Duel,10.920000000000002,33.11600000000001,False,,,,,,,,,
2025-10-31_PSV Eindhoven - Fortuna Sittard,344,1,45,59,3ebril33e08ddzob4bhq8awsr,Fortuna Sittard,9o10vhew3jar8tqnkabw0qoyx,J. Lonwijk,12,Clearance,4.620000000000001,33.524,False,,,,,,,,,
2025-10-31_PSV Eindhoven - Fortuna Sittard,567,2,45,9,24fvcruwqrqvqa3aonf8c3zuy,PSV Eindhoven,5lvdnoyknuoyr6kdruposgctl,J. Schouten,49,Ball Recovery,25.725,42.432,False,,,,,,,,,
2025-10-31_PSV Eindhoven - Fortuna Sittard,352,2,45,17,3ebril33e08ddzob4bhq8awsr,Fortuna Sittard,9o10vhew3jar8tqnkabw0qoyx,J. Lonwijk,7,Tackle,67.62,1.904,False,,,,,,,,,
2025-10-31_PSV Eindhoven - Fortuna Sittard,357,2,45,43,3ebril33e08ddzob4bhq8awsr,Fortuna Sittard,570htztcvfsu947xw6fvtzmc5,Iván Márquez,8,Interception,14.700000000000001,22.1,False,,,,,,,,,
2025-10-31_PSV Eindhoven - Fortuna Sittard,359,2,45,56,3ebril33e08ddzob4bhq8awsr,Fortuna Sittard,4jauu6ue076rbeq56exa4bcyy,M. Aïko,8,Interception,30.135,13.328000000000001,False,,,,,,,,,
2025-10-31_PSV Eindhoven - Fortuna Sittard,361,2,46,6,3ebril33e08ddzob4bhq8awsr,Fortuna Sittard,7b4jmfu1ejoeci2zmvwuejnys,P. Brittijn,7,Tackle,9.450000000000001,2.9920000000000004,False,,,,,,,,,
2025-10-31_PSV Eindhoven - Fortuna Sittard,599,2,47,12,24fvcruwqrqvqa3aonf8c3zuy,PSV Eindhoven,21k54i5a6d9bi4f6gplgzxiw9,G. Til,49,Ball Recovery,57.96000000000001,29.648000000000003,False,,,,,,,,,
2025-10-31_PSV Eindhoven - Fortuna Sittard,365,2,47,21,3ebril33e08ddzob4bhq8awsr,Fortuna Sittard,570htztcvfsu947xw6fvtzmc5,Iván Márquez,49,Ball Recovery,18.375,22.848000000000003,False,,,,,,,,,
2025-10-31_PSV Eindhoven - Fortuna Sittard,604,2,47,24,24fvcruwqrqvqa3aonf8c3zuy,PSV Eindhoven,9vf02r3geinhsy732oxyrcacq,I. Saibari,49,Ball Recovery,68.985,53.312000000000005,False,,,,,,,,,
2025-10-31_PSV Eindhoven - Fortuna Sittard,368,2,48,12,3ebril33e08ddzob4bhq8awsr,Fortuna Sittard,7b4jmfu1ejoeci2zmvwuejnys,P. Brittijn,49,Ball Recovery,19.845,16.32,False,,,,,,,,,
2025-10-31_PSV Eindhoven - Fortuna Sittard,625,2,48,18,24fvcruwqrqvqa3aonf8c3zuy,PSV Eindhoven,c6ip6gwp8yvchd1n3dv42go9,Mauro Júnior,49,Ball Recovery,69.09,30.872,False,,,,,,,,,
2025-10-31_PSV Eindhoven - Fortuna Sittard,375,2,48,56,3ebril33e08ddzob4bhq8awsr,Fortuna Sittard,bnkzwpd607re6s01oa77wcodm,J. Dahlhaus,12,Clearance,3.3600000000000003,39.57600000000001,False,,,,,,,,,
2025-10-31_PSV Eindhoven - Fortuna Sittard,376,2,48,57,3ebril33e08ddzob4bhq8awsr,Fortuna Sittard,9zryne6aa951ltubvjo0gk12i,M. Ihattaren,7,Tackle,16.59,44.88,False,,,,,,,,,
2025-10-31_PSV Eindhoven - Fortuna Sittard,378,2,49,27,3ebril33e08ddzob4bhq8awsr,Fortuna Sittard,bnkzwpd607re6s01oa77wcodm,J. Dahlhaus,12,Clearance,29.19,58.888,False,,,,,,,,,
2025-10-31_PSV Eindhoven - Fortuna Sittard,386,2,50,57,3ebril33e08ddzob4bhq8awsr,Fortuna Sittard,bnkzwpd607re6s01oa77wcodm,J. Dahlhaus,12,Clearance,31.185000000000002,65.212,False,,,,,,,,,
2025-10-31_PSV Eindhoven - Fortuna Sittard,389,2,52,19,3ebril33e08ddzob4bhq8awsr,Fortuna Sittard,9zryne6aa951ltubvjo0gk12i,M. Ihattaren,49,Ball Recovery,71.925,18.972,False,,,,,,,,,
2025-10-31_PSV Eindhoven - Fortuna Sittard,688,2,53,10,24fvcruwqrqvqa3aonf8c3zuy,PSV Eindhoven,b0me6l44boibnwpbtasxoy02x,S. Dest,49,Ball Recovery,16.8,33.048,False,,,,,,,,,
2025-10-31_PSV Eindhoven - Fortuna Sittard,399,2,56,42,3ebril33e08ddzob4bhq8awsr,Fortuna Sittard,7b4jmfu1ejoeci2zmvwuejnys,P. Brittijn,8,Interception,47.67,64.736,False,,,,,,,,,
2025-10-31_PSV Eindhoven - Fortuna Sittard,702,2,57,25,24fvcruwqrqvqa3aonf8c3zuy,PSV Eindhoven,d4j19ipiaeuetyij08fofgs15,J. Veerman,49,Ball Recovery,67.41000000000001,26.588000000000005,False,,,,,,,,,
2025-10-31_PSV Eindhoven - Fortuna Sittard,415,2,58,3,3ebril33e08ddzob4bhq8awsr,Fortuna Sittard,9o10vhew3jar8tqnkabw0qoyx,J. Lonwijk,49,Ball Recovery,34.545,21.284000000000002,False,,,,,,,,,
2025-10-31_PSV Eindhoven - Fortuna Sittard,719,2,58,15,24fvcruwqrqvqa3aonf8c3zuy,PSV Eindhoven,cmdeqxibr6holfqg17ap9uihg,Yarek Gąsiorowski,12,Clearance,6.615,41.61600000000001,False,,,,,,,,,
2025-10-31_PSV Eindhoven - Fortuna Sittard,720,2,58,19,24fvcruwqrqvqa3aonf8c3zuy,PSV Eindhoven,2gsq05yyxwe4f8t79j6d49q6t,I. Perišić,49,Ball Recovery,13.965000000000002,62.900000000000006,False,,,,,,,,,
2025-10-31_PSV Eindhoven - Fortuna Sittard,725,2,59,9,24fvcruwqrqvqa3aonf8c3zuy,PSV Eindhoven,2gsq05yyxwe4f8t79j6d49q6t,I. Perišić,7,Tackle,22.995,36.652,False,,,,,,,,,
2025-10-31_PSV Eindhoven - Fortuna Sittard,726,2,59,12,24fvcruwqrqvqa3aonf8c3zuy,PSV Eindhoven,d4j19ipiaeuetyij08fofgs15,J. Veerman,49,Ball Recovery,27.3,35.7,False,,,,,,,,,
2025-10-31_PSV Eindhoven - Fortuna Sittard,433,2,60,51,3ebril33e08ddzob4bhq8awsr,Fortuna Sittard,8przxwwothu3crflys7ahl4dm,S. Adewoye,49,Ball Recovery,40.845,25.16,True,recovery,0.23838319683309644,738,PSV Eindhoven,M. Kovář,8.715000000000002,35.292,72.87,37.74
2025-10-31_PSV Eindhoven - Fortuna Sittard,742,2,61,41,24fvcruwqrqvqa3aonf8c3zuy,PSV Eindhoven,cmdeqxibr6holfqg17ap9uihg,Yarek Gąsiorowski,12,Clearance,8.295,32.912,False,,,,,,,,,
2025-10-31_PSV Eindhoven - Fortuna Sittard,444,2,62,39,3ebril33e08ddzob4bhq8awsr,Fortuna Sittard,bnkzwpd607re6s01oa77wcodm,J. Dahlhaus,8,Interception,11.025,50.048,False,,,,,,,,,
2025-10-31_PSV Eindhoven - Fortuna Sittard,445,2,62,40,3ebril33e08ddzob4bhq8awsr,Fortuna Sittard,bnkzwpd607re6s01oa77wcodm,J. Dahlhaus,49,Ball Recovery,11.55,51.204,False,,,,,,,,,
2025-10-31_PSV Eindhoven - Fortuna Sittard,464,2,64,6,3ebril33e08ddzob4bhq8awsr,Fortuna Sittard,4jauu6ue076rbeq56exa4bcyy,M. Aïko,49,Ball Recovery,78.22500000000001,20.196,False,,,,,,,,,
2025-10-31_PSV Eindhoven - Fortuna Sittard,757,2,64,8,24fvcruwqrqvqa3aonf8c3zuy,PSV Eindhoven,9vf02r3geinhsy732oxyrcacq,I. Saibari,8,Interception,26.775000000000002,48.21200000000001,False,,,,,,,,,
2025-10-31_PSV Eindhoven - Fortuna Sittard,758,2,64,10,24fvcruwqrqvqa3aonf8c3zuy,PSV Eindhoven,9vf02r3geinhsy732oxyrcacq,I. Saibari,7,Tackle,18.480000000000004,49.232000000000006,False,,,,,,,,,
2025-10-31_PSV Eindhoven - Fortuna Sittard,759,2,64,12,24fvcruwqrqvqa3aonf8c3zuy,PSV Eindhoven,d4j19ipiaeuetyij08fofgs15,J. Veerman,49,Ball Recovery,14.595,50.864000000000004,False,,,,,,,,,
2025-10-31_PSV Eindhoven - Fortuna Sittard,470,2,64,26,3ebril33e08ddzob4bhq8awsr,Fortuna Sittard,bnkzwpd607re6s01oa77wcodm,J. Dahlhaus,49,Ball Recovery,64.68,65.008,False,,,,,,,,,
2025-10-31_PSV Eindhoven - Fortuna Sittard,766,2,64,49,24fvcruwqrqvqa3aonf8c3zuy,PSV Eindhoven,cmdeqxibr6holfqg17ap9uihg,Yarek Gąsiorowski,7,Tackle,20.16,20.264000000000003,False,,,,,,,,,
2025-10-31_PSV Eindhoven - Fortuna Sittard,480,2,64,51,3ebril33e08ddzob4bhq8awsr,Fortuna Sittard,9o10vhew3jar8tqnkabw0qoyx,J. Lonwijk,50,Dispossessed,82.11,45.424,False,,,,,,,,,
2025-10-31_PSV Eindhoven - Fortuna Sittard,767,2,64,51,24fvcruwqrqvqa3aonf8c3zuy,PSV Eindhoven,9vf02r3geinhsy732oxyrcacq,I. Saibari,7,Tackle,22.89,22.576000000000004,False,,,,,,,,,
2025-10-31_PSV Eindhoven - Fortuna Sittard,559,2,64,51,3ebril33e08ddzob4bhq8awsr,Fortuna Sittard,9o10vhew3jar8tqnkabw0qoyx,J. Lonwijk,50,Dispossessed,78.54,38.624,False,,,,,,,,,
2025-10-31_PSV Eindhoven - Fortuna Sittard,813,2,64,51,24fvcruwqrqvqa3aonf8c3zuy,PSV Eindhoven,9vf02r3geinhsy732oxyrcacq,I. Saibari,7,Tackle,26.46,29.376000000000005,False,,,,,,,,,
2025-10-31_PSV Eindhoven - Fortuna Sittard,769,2,64,53,24fvcruwqrqvqa3aonf8c3zuy,PSV Eindhoven,cgsmk5437f466uoqvol7devze,R. Flamingo,49,Ball Recovery,22.155,48.96,False,,,,,,,,,
2025-10-31_PSV Eindhoven - Fortuna Sittard,786,2,64,54,24fvcruwqrqvqa3aonf8c3zuy,PSV Eindhoven,6jhavdnaitqn6ydme8a526aui,C. Driouech,50,Dispossessed,31.290000000000003,48.55200000000001,False,,,,,,,,,
2025-10-31_PSV Eindhoven - Fortuna Sittard,482,2,64,54,3ebril33e08ddzob4bhq8awsr,Fortuna Sittard,8przxwwothu3crflys7ahl4dm,S. Adewoye,7,Tackle,73.71000000000001,19.448000000000004,False,,,,,,,,,
2025-10-31_PSV Eindhoven - Fortuna Sittard,484,2,65,12,3ebril33e08ddzob4bhq8awsr,Fortuna Sittard,44m4s9f1ckgdavmqjo0icx016,R. Fosso,49,Ball Recovery,61.53,61.81200000000001,False,,,,,,,,,
2025-10-31_PSV Eindhoven - Fortuna Sittard,777,2,65,20,24fvcruwqrqvqa3aonf8c3zuy,PSV Eindhoven,b0me6l44boibnwpbtasxoy02x,S. Dest,12,Clearance,11.55,39.848000000000006,False,,,,,,,,,
2025-10-31_PSV Eindhoven - Fortuna Sittard,778,2,65,21,24fvcruwqrqvqa3aonf8c3zuy,PSV Eindhoven,9vf02r3geinhsy732oxyrcacq,I. Saibari,49,Ball Recovery,27.195,42.024,False,,,,,,,,,
2025-10-31_PSV Eindhoven - Fortuna Sittard,490,2,66,9,3ebril33e08ddzob4bhq8awsr,Fortuna Sittard,bnkzwpd607re6s01oa77wcodm,J. Dahlhaus,12,Clearance,12.39,47.39600000000001,False,,,,,,,,,
2025-10-31_PSV Eindhoven - Fortuna Sittard,787,2,66,13,24fvcruwqrqvqa3aonf8c3zuy,PSV Eindhoven,cgsmk5437f466uoqvol7devze,R. Flamingo,50,Dispossessed,67.62,11.288000000000002,False,,,,,,,,,
2025-10-31_PSV Eindhoven - Fortuna Sittard,491,2,66,13,3ebril33e08ddzob4bhq8awsr,Fortuna Sittard,4jauu6ue076rbeq56exa4bcyy,M. Aïko,7,Tackle,37.38,56.71200000000001,False,,,,,,,,,
2025-10-31_PSV Eindhoven - Fortuna Sittard,495,2,66,36,3ebril33e08ddzob4bhq8awsr,Fortuna Sittard,dp0q4f4gbj2buhcu1lb5dzxed,Ivo Pinto,50,Dispossessed,88.83,5.984000000000001,False,,,,,,,,,
2025-10-31_PSV Eindhoven - Fortuna Sittard,789,2,66,36,24fvcruwqrqvqa3aonf8c3zuy,PSV Eindhoven,6jhavdnaitqn6ydme8a526aui,C. Driouech,7,Tackle,16.17,62.016000000000005,False,,,,,,,,,
2025-10-31_PSV Eindhoven - Fortuna Sittard,498,2,67,25,3ebril33e08ddzob4bhq8awsr,Fortuna Sittard,9o10vhew3jar8tqnkabw0qoyx,J. Lonwijk,49,Ball Recovery,64.89,16.796,False,,,,,,,,,
2025-10-31_PSV Eindhoven - Fortuna Sittard,506,2,68,19,3ebril33e08ddzob4bhq8awsr,Fortuna Sittard,2ifp36vdm0d6rb3xc7muuvv11,D. Limnios,49,Ball Recovery,66.15,60.452000000000005,False,,,,,,,,,
2025-10-31_PSV Eindhoven - Fortuna Sittard,798,2,68,22,24fvcruwqrqvqa3aonf8c3zuy,PSV Eindhoven,9vf02r3geinhsy732oxyrcacq,I. Saibari,12,Clearance,14.28,25.908,False,,,,,,,,,
2025-10-31_PSV Eindhoven - Fortuna Sittard,801,2,70,56,24fvcruwqrqvqa3aonf8c3zuy,PSV Eindhoven,cgsmk5437f466uoqvol7devze,R. Flamingo,12,Clearance,5.04,22.848000000000003,False,,,,,,,,,
2025-10-31_PSV Eindhoven - Fortuna Sittard,539,2,72,18,3ebril33e08ddzob4bhq8awsr,Fortuna Sittard,570htztcvfsu947xw6fvtzmc5,Iván Márquez,49,Ball Recovery,56.385000000000005,18.564,False,,,,,,,,,
2025-10-31_PSV Eindhoven - Fortuna Sittard,811,2,72,39,24fvcruwqrqvqa3aonf8c3zuy,PSV Eindhoven,6jhavdnaitqn6ydme8a526aui,C. Driouech,7,Tackle,18.900000000000002,64.19200000000001,False,,,,,,,,,
2025-10-31_PSV Eindhoven - Fortuna Sittard,561,2,74,23,3ebril33e08ddzob4bhq8awsr,Fortuna Sittard,dp0q4f4gbj2buhcu1lb5dzxed,Ivo Pinto,49,Ball Recovery,20.790000000000003,14.076,False,,,,,,,,,
2025-10-31_PSV Eindhoven - Fortuna Sittard,825,2,74,32,24fvcruwqrqvqa3aonf8c3zuy,PSV Eindhoven,b0me6l44boibnwpbtasxoy02x,S. Dest,49,Ball Recovery,44.83500000000001,56.916000000000004,False,,,,,,,,,
2025-10-31_PSV Eindhoven - Fortuna Sittard,565,2,74,42,3ebril33e08ddzob4bhq8awsr,Fortuna Sittard,8przxwwothu3crflys7ahl4dm,S. Adewoye,8,Interception,28.14,8.976,False,,,,,,,,,
2025-10-31_PSV Eindhoven - Fortuna Sittard,566,2,74,43,3ebril33e08ddzob4bhq8awsr,Fortuna Sittard,dp0q4f4gbj2buhcu1lb5dzxed,Ivo Pinto,49,Ball Recovery,39.06,4.0120000000000005,False,,,,,,,,,
2025-10-31_PSV Eindhoven - Fortuna Sittard,829,2,75,0,24fvcruwqrqvqa3aonf8c3zuy,PSV Eindhoven,9vf02r3geinhsy732oxyrcacq,I. Saibari,8,Interception,39.06,26.248,False,,,,,,,,,
2025-10-31_PSV Eindhoven - Fortuna Sittard,830,2,75,1,24fvcruwqrqvqa3aonf8c3zuy,PSV Eindhoven,emglxnqrlqskt8krglv7sziwa,R. Pepi,49,Ball Recovery,50.82,31.892000000000003,False,,,,,,,,,
2025-10-31_PSV Eindhoven - Fortuna Sittard,586,2,76,53,3ebril33e08ddzob4bhq8awsr,Fortuna Sittard,dsh8ta4q6v5ews2e19p9xh6y2,J. Hubner,8,Interception,44.730000000000004,54.33200000000001,False,,,,,,,,,
2025-10-31_PSV Eindhoven - Fortuna Sittard,587,2,76,54,3ebril33e08ddzob4bhq8awsr,Fortuna Sittard,5ghvrbmlh0tqos9iohj8f7zzd,K. Sierhuis,49,Ball Recovery,60.69,60.99600000000001,False,,,,,,,,,
2025-10-31_PSV Eindhoven - Fortuna Sittard,841,2,77,0,24fvcruwqrqvqa3aonf8c3zuy,PSV Eindhoven,cmdeqxibr6holfqg17ap9uihg,Yarek Gąsiorowski,8,Interception,26.880000000000003,24.616000000000003,False,,,,,,,,,
2025-10-31_PSV Eindhoven - Fortuna Sittard,842,2,77,5,24fvcruwqrqvqa3aonf8c3zuy,PSV Eindhoven,emglxnqrlqskt8krglv7sziwa,R. Pepi,8,Interception,47.46000000000001,19.924000000000003,False,,,,,,,,,
2025-10-31_PSV Eindhoven - Fortuna Sittard,843,2,77,7,24fvcruwqrqvqa3aonf8c3zuy,PSV Eindhoven,d4j19ipiaeuetyij08fofgs15,J. Veerman,49,Ball Recovery,38.85,16.728,False,,,,,,,,,
2025-10-31_PSV Eindhoven - Fortuna Sittard,593,2,77,11,3ebril33e08ddzob4bhq8awsr,Fortuna Sittard,bnkzwpd607re6s01oa77wcodm,J. Dahlhaus,7,Tackle,37.38,62.56,False,,,,,,,,,
2025-10-31_PSV Eindhoven - Fortuna Sittard,598,2,79,1,3ebril33e08ddzob4bhq8awsr,Fortuna Sittard,44m4s9f1ckgdavmqjo0icx016,R. Fosso,49,Ball Recovery,43.785000000000004,54.196000000000005,False,,,,,,,,,
2025-10-31_PSV Eindhoven - Fortuna Sittard,868,2,79,4,24fvcruwqrqvqa3aonf8c3zuy,PSV Eindhoven,9vf02r3geinhsy732oxyrcacq,I. Saibari,8,Interception,70.875,15.096,False,,,,,,,,,
2025-10-31_PSV Eindhoven - Fortuna Sittard,869,2,79,11,24fvcruwqrqvqa3aonf8c3zuy,PSV Eindhoven,cs4aca71qkt1ru20ppmi6djl6,M. Kovář,49,Ball Recovery,21.525000000000002,24.14,False,,,,,,,,,
2025-10-31_PSV Eindhoven - Fortuna Sittard,603,2,79,19,3ebril33e08ddzob4bhq8awsr,Fortuna Sittard,dsh8ta4q6v5ews2e19p9xh6y2,J. Hubner,8,Interception,40.95,58.412000000000006,False,,,,,,,,,
2025-10-31_PSV Eindhoven - Fortuna Sittard,606,2,79,24,3ebril33e08ddzob4bhq8awsr,Fortuna Sittard,5ghvrbmlh0tqos9iohj8f7zzd,K. Sierhuis,49,Ball Recovery,67.095,42.228,False,,,,,,,,,
2025-10-31_PSV Eindhoven - Fortuna Sittard,874,2,79,28,24fvcruwqrqvqa3aonf8c3zuy,PSV Eindhoven,b0me6l44boibnwpbtasxoy02x,S. Dest,49,Ball Recovery,8.085,51.408,False,,,,,,,,,
2025-10-31_PSV Eindhoven - Fortuna Sittard,613,2,80,31,3ebril33e08ddzob4bhq8awsr,Fortuna Sittard,16mtjri8tz6vmxtxwr34y2tp1,M. Branderhorst,49,Ball Recovery,16.695,36.04,False,,,,,,,,,
2025-10-31_PSV Eindhoven - Fortuna Sittard,880,2,80,48,24fvcruwqrqvqa3aonf8c3zuy,PSV Eindhoven,d4j19ipiaeuetyij08fofgs15,J. Veerman,12,Clearance,19.005000000000003,19.040000000000003,False,,,,,,,,,
2025-10-31_PSV Eindhoven - Fortuna Sittard,896,2,81,12,24fvcruwqrqvqa3aonf8c3zuy,PSV Eindhoven,21k54i5a6d9bi4f6gplgzxiw9,G. Til,49,Ball Recovery,23.31,21.080000000000002,False,,,,,,,,,
2025-10-31_PSV Eindhoven - Fortuna Sittard,625,2,81,12,3ebril33e08ddzob4bhq8awsr,Fortuna Sittard,bnkzwpd607re6s01oa77wcodm,J. Dahlhaus,7,Tackle,80.115,48.688,False,,,,,,,,,
2025-10-31_PSV Eindhoven - Fortuna Sittard,627,2,81,22,3ebril33e08ddzob4bhq8awsr,Fortuna Sittard,dsh8ta4q6v5ews2e19p9xh6y2,J. Hubner,49,Ball Recovery,64.26,53.108,False,,,,,,,,,
2025-10-31_PSV Eindhoven - Fortuna Sittard,888,2,81,50,24fvcruwqrqvqa3aonf8c3zuy,PSV Eindhoven,cgsmk5437f466uoqvol7devze,R. Flamingo,12,Clearance,11.445,24.48,False,,,,,,,,,
2025-10-31_PSV Eindhoven - Fortuna Sittard,890,2,81,53,24fvcruwqrqvqa3aonf8c3zuy,PSV Eindhoven,emglxnqrlqskt8krglv7sziwa,R. Pepi,49,Ball Recovery,67.095,21.488000000000003,False,,,,,,,,,
2025-10-31_PSV Eindhoven - Fortuna Sittard,905,2,83,56,24fvcruwqrqvqa3aonf8c3zuy,PSV Eindhoven,cgsmk5437f466uoqvol7devze,R. Flamingo,12,Clearance,22.365000000000002,23.868000000000002,True,intercepted,0.2956176561020162,644,Fortuna Sittard,M. Branderhorst,28.56,35.02,74.76,36.856
2025-10-31_PSV Eindhoven - Fortuna Sittard,645,2,83,58,3ebril33e08ddzob4bhq8awsr,Fortuna Sittard,30oqkmhal9o3ktfnt06u17spg,L. Tunjić,44,Aerial Duel,70.56,42.092,False,,,,,,,,,
2025-10-31_PSV Eindhoven - Fortuna Sittard,893,2,83,58,24fvcruwqrqvqa3aonf8c3zuy,PSV Eindhoven,21k54i5a6d9bi4f6gplgzxiw9,G. Til,44,Aerial Duel,34.44,25.908,False,,,,,,,,,
2025-10-31_PSV Eindhoven - Fortuna Sittard,651,2,84,46,3ebril33e08ddzob4bhq8awsr,Fortuna Sittard,570htztcvfsu947xw6fvtzmc5,Iván Márquez,49,Ball Recovery,34.125,30.26,False,,,,,,,,,
2025-10-31_PSV Eindhoven - Fortuna Sittard,901,2,85,1,24fvcruwqrqvqa3aonf8c3zuy,PSV Eindhoven,9vf02r3geinhsy732oxyrcacq,I. Saibari,49,Ball Recovery,65.10000000000001,26.996000000000002,False,,,,,,,,,
2025-10-31_PSV Eindhoven - Fortuna Sittard,662,2,86,10,3ebril33e08ddzob4bhq8awsr,Fortuna Sittard,bnkzwpd607re6s01oa77wcodm,J. Dahlhaus,7,Tackle,44.205000000000005,59.84,False,,,,,,,,,
2025-10-31_PSV Eindhoven - Fortuna Sittard,664,2,86,21,3ebril33e08ddzob4bhq8awsr,Fortuna Sittard,570htztcvfsu947xw6fvtzmc5,Iván Márquez,12,Clearance,14.595,41.208000000000006,False,,,,,,,,,
2025-10-31_PSV Eindhoven - Fortuna Sittard,665,2,86,26,3ebril33e08ddzob4bhq8awsr,Fortuna Sittard,44m4s9f1ckgdavmqjo0icx016,R. Fosso,49,Ball Recovery,9.765,36.516000000000005,False,,,,,,,,,
2025-10-31_PSV Eindhoven - Fortuna Sittard,919,2,86,30,24fvcruwqrqvqa3aonf8c3zuy,PSV Eindhoven,b0me6l44boibnwpbtasxoy02x,S. Dest,49,Ball Recovery,97.755,13.872,False,,,,,,,,,
2025-10-31_PSV Eindhoven - Fortuna Sittard,926,2,87,20,24fvcruwqrqvqa3aonf8c3zuy,PSV Eindhoven,d4j19ipiaeuetyij08fofgs15,J. Veerman,12,Clearance,19.425,46.580000000000005,False,,,,,,,,,
2025-10-31_PSV Eindhoven - Fortuna Sittard,927,2,87,21,24fvcruwqrqvqa3aonf8c3zuy,PSV Eindhoven,b0me6l44boibnwpbtasxoy02x,S. Dest,49,Ball Recovery,25.62,44.676,False,,,,,,,,,
2025-10-31_PSV Eindhoven - Fortuna Sittard,671,2,87,22,3ebril33e08ddzob4bhq8awsr,Fortuna Sittard,30oqkmhal9o3ktfnt06u17spg,L. Tunjić,7,Tackle,77.07000000000001,22.848000000000003,False,,,,,,,,,
2025-10-31_PSV Eindhoven - Fortuna Sittard,672,2,87,26,3ebril33e08ddzob4bhq8awsr,Fortuna Sittard,44m4s9f1ckgdavmqjo0icx016,R. Fosso,49,Ball Recovery,68.46000000000001,23.323999999999998,False,,,,,,,,,
2025-10-31_PSV Eindhoven - Fortuna Sittard,693,2,88,43,3ebril33e08ddzob4bhq8awsr,Fortuna Sittard,8przxwwothu3crflys7ahl4dm,S. Adewoye,49,Ball Recovery,54.81,12.036,False,,,,,,,,,
2025-10-31_PSV Eindhoven - Fortuna Sittard,697,2,89,49,3ebril33e08ddzob4bhq8awsr,Fortuna Sittard,dsh8ta4q6v5ews2e19p9xh6y2,J. Hubner,49,Ball Recovery,36.225,52.904,False,,,,,,,,,
2025-10-31_PSV Eindhoven - Fortuna Sittard,704,2,90,15,3ebril33e08ddzob4bhq8awsr,Fortuna Sittard,3jkzywsfc2vjq3h1kqdhhl2hh,P. Gladon,44,Aerial Duel,60.375,49.164,False,,,,,,,,,
2025-10-31_PSV Eindhoven - Fortuna Sittard,948,2,90,15,24fvcruwqrqvqa3aonf8c3zuy,PSV Eindhoven,24sgu58uugxgy49el075dz21g,E. Bajraktarević,44,Aerial Duel,44.625,18.836000000000002,False,,,,,,,,,
2025-10-31_PSV Eindhoven - Fortuna Sittard,949,2,90,18,24fvcruwqrqvqa3aonf8c3zuy,PSV Eindhoven,cmdeqxibr6holfqg17ap9uihg,Yarek Gąsiorowski,7,Tackle,22.05,23.868000000000002,False,,,,,,,,,
2025-10-31_PSV Eindhoven - Fortuna Sittard,959,2,91,25,24fvcruwqrqvqa3aonf8c3zuy,PSV Eindhoven,21k54i5a6d9bi4f6gplgzxiw9,G. Til,49,Ball Recovery,25.515,18.632,False,,,,,,,,,
2025-10-31_PSV Eindhoven - Fortuna Sittard,983,2,91,48,24fvcruwqrqvqa3aonf8c3zuy,PSV Eindhoven,6jhavdnaitqn6ydme8a526aui,C. Driouech,50,Dispossessed,99.33,65.348,False,,,,,,,,,
2025-10-31_PSV Eindhoven - Fortuna Sittard,756,2,91,49,3ebril33e08ddzob4bhq8awsr,Fortuna Sittard,dp0q4f4gbj2buhcu1lb5dzxed,Ivo Pinto,7,Tackle,5.670000000000001,2.652,False,,,,,,,,,
2025-10-31_PSV Eindhoven - Fortuna Sittard,718,2,91,50,3ebril33e08ddzob4bhq8awsr,Fortuna Sittard,dp0q4f4gbj2buhcu1lb5dzxed,Ivo Pinto,12,Clearance,2.1,2.176,False,,,,,,,,,
2025-10-31_PSV Eindhoven - Fortuna Sittard,977,2,93,0,24fvcruwqrqvqa3aonf8c3zuy,PSV Eindhoven,21k54i5a6d9bi4f6gplgzxiw9,G. Til,44,Aerial Duel,96.28500000000001,36.176,False,,,,,,,,,
2025-10-31_PSV Eindhoven - Fortuna Sittard,746,2,93,0,3ebril33e08ddzob4bhq8awsr,Fortuna Sittard,8przxwwothu3crflys7ahl4dm,S. Adewoye,44,Aerial Duel,8.715000000000002,31.824,False,,,,,,,,,
2025-10-31_PSV Eindhoven - Fortuna Sittard,980,2,93,4,24fvcruwqrqvqa3aonf8c3zuy,PSV Eindhoven,d36na8jr6xcc8eronhy8mcz1m,K. Sildillia,50,Dispossessed,95.34,31.212,False,,,,,,,,,
2025-10-31_PSV Eindhoven - Fortuna Sittard,725,2,93,4,3ebril33e08ddzob4bhq8awsr,Fortuna Sittard,570htztcvfsu947xw6fvtzmc5,Iván Márquez,7,Tackle,9.66,36.788000000000004,False,,,,,,,,,
2025-10-31_PSV Eindhoven - Fortuna Sittard,726,2,93,6,3ebril33e08ddzob4bhq8awsr,Fortuna Sittard,bnkzwpd607re6s01oa77wcodm,J. Dahlhaus,12,Clearance,7.3500000000000005,47.736000000000004,False,,,,,,,,,
2025-10-31_PSV Eindhoven - Fortuna Sittard,727,2,93,11,3ebril33e08ddzob4bhq8awsr,Fortuna Sittard,60jptu288hf6gcljkbzcdie39,K. Peterson,12,Clearance,22.26,47.940000000000005,False,,,,,,,,,
2025-10-31_PSV Eindhoven - Fortuna Sittard,728,2,93,13,3ebril33e08ddzob4bhq8awsr,Fortuna Sittard,3jkzywsfc2vjq3h1kqdhhl2hh,P. Gladon,49,Ball Recovery,35.805,37.74,False,,,,,,,,,
2025-10-31_PSV Eindhoven - Fortuna Sittard,984,2,93,17,24fvcruwqrqvqa3aonf8c3zuy,PSV Eindhoven,b0me6l44boibnwpbtasxoy02x,S. Dest,7,Tackle,38.010000000000005,60.928,False,,,,,,,,,
2025-10-31_PSV Eindhoven - Fortuna Sittard,985,2,93,22,24fvcruwqrqvqa3aonf8c3zuy,PSV Eindhoven,6jhavdnaitqn6ydme8a526aui,C. Driouech,49,Ball Recovery,39.06,45.084,False,,,,,,,,,
2025-10-31_PSV Eindhoven - Fortuna Sittard,732,2,93,35,3ebril33e08ddzob4bhq8awsr,Fortuna Sittard,16mtjri8tz6vmxtxwr34y2tp1,M. Branderhorst,7,Tackle,13.65,36.720000000000006,False,,,,,,,,,
2025-10-31_PSV Eindhoven - Fortuna Sittard,738,2,93,59,3ebril33e08ddzob4bhq8awsr,Fortuna Sittard,3jkzywsfc2vjq3h1kqdhhl2hh,P. Gladon,44,Aerial Duel,65.10000000000001,46.988,False,,,,,,,,,
2025-10-31_PSV Eindhoven - Fortuna Sittard,991,2,93,59,24fvcruwqrqvqa3aonf8c3zuy,PSV Eindhoven,cmdeqxibr6holfqg17ap9uihg,Yarek Gąsiorowski,44,Aerial Duel,39.9,21.012,False,,,,,,,,,
2025-10-31_PSV Eindhoven - Fortuna Sittard,749,2,95,43,3ebril33e08ddzob4bhq8awsr,Fortuna Sittard,3jkzywsfc2vjq3h1kqdhhl2hh,P. Gladon,12,Clearance,7.3500000000000005,37.74,False,,,,,,,,,
