player_id,Dribbling,Passing,Receiving,Shooting,Interrupting,Fouling,Goalkeeping,Goals Added
lp9kyx4408kpoey40zv9mga1,-0.000742711334592052,-1.9995376865596255,0.2392185309919856,1.985608513660747,0.10259563195541639,-0.9964233070150429,13.874837855114599,13.205556826813488
59ynmlwky3h6m9g2r7a8igi96,-0.31860478749492305,-2.938784523042827,4.5288095234878245,6.06316575444252,0.7256506747049094,0.10246627491673523,0.0,8.162702917014238
am19rcub89k9bleldiqps7845,0.0,-1.5353531346468159,-0.06254586124804583,0.0,0.11571301403922707,-0.2694214494934284,9.712834232250461,7.9612268009013984
8l31bne12p5cp51o46h92zjrp,-0.00013860925565295848,-0.9592158662960577,0.0743577967010429,0.5996912805943091,0.07968890639381558,-0.39102340218499243,6.703470192962559,6.106830298915024
9vf02r3geinhsy732oxyrcacq,-0.5973038818648604,-1.548379054138763,3.9456365456873437,2.81102455374552,0.569229212452916,0.1794076951395847,0.0,5.35961507102174
4pqi5vt820333t5zsj2refc2d,-0.06991540439111024,-1.5033185949149246,3.6578208693159224,2.2155069009481974,0.5966996492241856,0.3304632574363296,0.0,5.227256677618601
ewwo2c7kw1b1okrngjl4j4dm1,-0.31374895486475685,-2.0697884776591318,3.7780775417598034,3.0944122848563307,0.3372423400814312,0.18297868709373638,0.0,5.009173421267413
8d0ffyx2qnnp0limf5aou92ei,-0.3637558544472477,-2.3828454406342794,6.795929158857618,0.3835386438244426,0.44940434768399523,0.12638499653230245,0.0,5.0086558518168305
emglxnqrlqskt8krglv7sziwa,-0.10721696783573319,-1.4490927085222252,3.1379308212875547,2.9644444866829542,0.21806243714005777,0.12959732736172264,0.0,4.893725396114332
c9shc6t28oroqthopifjvg9ux,-0.3058744163072037,-2.7382101402068892,3.563991293182952,3.684005041794733,0.433748639689697,0.06439915402734805,0.0,4.702059572180637
16mtjri8tz6vmxtxwr34y2tp1,0.0,-0.8657430065890208,-0.04819433994399566,0.0,0.04774041828889325,0.0011451137171331143,5.471054670879385,4.6060028563523945
36veg0wk1z3om89daf0clbl5h,-0.2622423320643531,-2.2859414310055977,2.1000227566048353,4.298103300634419,0.4573507084149427,0.2540979536910336,0.0,4.56139095627528
5ghvrbmlh0tqos9iohj8f7zzd,-0.331782413403507,-1.561915013547748,3.002982028981011,2.16505424680479,0.5121657259063287,0.2294051555893896,0.0,4.015909730330264
5i0e7e59vav8ynqzt7qrvitt6,-0.12143505561055104,-1.2450865888872502,2.6917953867022955,2.039737233213946,0.3799097325715992,0.005936737312203521,0.0,3.750857445302243
ei9h1loyggj8fnf1q4jfdm710,-0.9948409582656892,-3.377194159813534,5.308165187475064,1.571863290782697,0.84615293057116,0.3128936379741587,0.0,3.6670399287238564
1tmihr54maqj0h7785cg9ez56,-0.18478316806042686,-1.7137938774333619,1.9601876001012797,2.5000235033444778,0.5615877114554292,0.3171028138162172,0.0,3.440324583223615
2072f0p9ful9u577gdvo89yw9,-0.4268023165328279,-2.482255824715343,3.2253583810066715,2.3631616977650807,0.691619219308472,0.03422121174826957,0.0,3.405302368580323
ahwtdhrerarmljk9bh0tcpk6i,-0.07399898696242599,0.2309641853540008,1.470768304658767,1.5994451432352237,0.14821863645615008,0.009762043337936448,0.0,3.385159326079652
ajs5py826pvol60tokraxrpey,0.0,-1.3698246824269824,0.028525323383673598,0.0,0.0939153168784111,-0.4537500627861889,4.858797635858646,3.157663530907559
50zbw9cb2gon7eb7w08ndfyms,-0.07901083060071476,-0.9617137948568684,2.3496511554977015,1.3178263354116202,0.17471322437755454,0.21253187739430354,0.0,3.0139979672235966
7jpreaads35pnnfqbn7hmrmy,-0.12133057184989077,-1.5700161779505022,2.4562378599137666,1.5963444209105135,0.7468394463433429,-0.10561504722177734,0.0,3.0024599301454526
dunp2ilud32z4lf3f8vvwjca1,3.925762673223209e-05,-0.7769772734129263,0.11815775159076958,0.0,0.022046181641826694,-0.008813073370708998,3.6305756941239817,2.985028538199675
d1dq7upxtawnps3wljz6wf9jo,-0.5946281562846721,-0.8297420581584152,0.7796948769967184,2.725044668348793,0.8307446698861879,-0.01192059997897976,0.0,2.8991934008096325
21k54i5a6d9bi4f6gplgzxiw9,-0.39276072827465625,-1.7713905197639819,3.9567295239510902,0.33974830145878765,0.46502566889462427,0.2930313188530037,0.0,2.8903835651188676
9zryne6aa951ltubvjo0gk12i,-0.37581444590821833,-0.5991247041438609,0.5057841333913649,3.047602989851667,0.31163916405173187,-0.013006403685589252,0.0,2.8770807335570954
57btqxe5sy3ygzxpp55p4umdx,-0.28167356546098443,-3.2305959783814777,4.461578470203034,1.259868183010192,0.2920880909172446,0.22749130423926706,0.0,2.728756504527276
ac3lkaa1lkbsa82tfylq5zcb8,-0.25070897893527694,-1.1581134635740418,2.1351314164132504,1.0203245122285611,0.7341811150716352,0.2367473424231027,0.0,2.7175619436272305
a339o11ut8s1o9odm6ybc4pka,-0.17719113594279942,-1.9042738835867739,1.718439799508296,1.889589498772314,1.0057136429162774,0.138925185296006,0.0,2.6712031069633206
3mctpepmqunc1a8zro2nq1wtm,0.0,-0.9715208761779185,0.229827471498409,0.9928042568303735,0.07422693150953541,-0.12750216639599363,2.412723043705337,2.6105586609697427
7053nqhl9wu2u1kegzo9aopg5,-0.454044314826805,-0.7408623279526553,1.027250702369481,2.44488965036753,0.2600313826742978,0.034072749816146365,0.0,2.5713378424479942
3hhca66jtxt3c1iw10nfmhtnu,0.0,-0.06862980987404062,0.0161539729191017,0.0,0.0,-0.09153490845056922,2.6834624224575236,2.5394516770520155
b4efh7m2z28zc5gx250vvdzze,-0.2519573966244476,-1.4534549169032625,1.9520709999229082,1.6232400777678655,0.27707548972541035,0.3793884815920363,0.0,2.52636273548051
9nix5y8xcj34ps62r34udtqwa,-0.5891993595683249,-2.1761338156057004,2.6573012818286905,1.9972008682360156,0.5737840700719162,0.05780720239392119,0.0,2.520760247356518
6q77vt9bp8dsq48pa97mfzsa1,-0.1741792251591143,-5.493817804398521,6.388211344028776,0.9987574972450305,0.6485560069710171,0.08425981035775992,0.0,2.4517876290449485
7o8auo4uu5mzh7f4a44ucdf8q,-0.07189088706841935,-0.6390616329176363,1.270456485011613,1.6138905825614818,0.19367764069104199,0.042781516579289025,0.0,2.40985370485737
cx6fxszjvjam6zb3c3p0dd1jo,-1.1566227920243184,-2.132962890951361,1.57054326892474,3.4443775045430605,0.5625915678895427,0.04319638187152275,0.0,2.331123040253187
4ej8uchqe3rt1s5h6phjo3310,-0.507355278641872,-0.43791249935610543,1.1795322651148719,1.1852782476209442,0.9151880827509901,-0.08730941645650662,0.0,2.247421401032322
6coor7jll29drx4kgvyt499wq,-0.3728975552253743,-2.0607174744237726,3.01097806024761,1.0366780876132184,0.5831730656219346,-0.014090514105239461,0.0,2.183123669728377
2yivr64anye4c0p62m16l78yc,-0.42280340427933577,-1.0890080790928998,1.414212474425811,1.4031444520828926,0.657443824478725,0.18230996291142224,0.0,2.145299230526615
8n9t52eeli3s39r8ujjhjt7je,-0.4461960164870461,-0.7010491113919478,0.7229315423083964,1.858310714522817,0.7381835974488306,-0.04416281541507121,0.0,2.128017910985979
6narzhg4hjarzdm235jkcclxw,-0.4994877149537878,-0.8672000608973909,1.612343475258322,1.576651689634453,0.15778083502917878,0.13519031367035936,0.0,2.1152785377411343
1vn6w1mjdztfks75bxn0hk7x0,-0.6638933220751788,-0.6778681816015452,1.429857809177845,1.6580683327550594,0.3132801965468277,0.041641414699618046,0.0,2.101086249502626
ab17bik4y8ilv3ahe50a81ixg,-0.07709037210606295,-1.3984930857966842,1.8695415720235316,1.4366859120496729,0.07809898446880169,0.1113981425883993,0.0,2.0201411532276583
dgex06nxjy9fdvc12o8keg99l,-0.18805481454530912,-1.7236444291386976,3.708835130680331,-0.1331051042301203,0.3448265442721459,-0.029054192648996807,0.0,1.9798031343893532
684nd3xjli51z43pbla0mwa21,-0.13550058148200242,-1.8825415355325423,1.8980017204274853,1.2948362567996006,0.8122736085384392,-0.024641984211988863,0.0,1.9624274845389915
9y5kirmp6gcrsy2s1pinhkqy2,-0.07774158648919904,-2.64655887692457,3.282017970135477,0.7575885334876864,0.29680640502927824,0.34305690134627986,0.0,1.9551693465849525
4cbhx91p3l265b2cejzd07gbu,-0.3721190221227967,-1.4988928830038082,2.128726906974337,1.1066252018927276,0.6250919714411239,-0.042450733346278746,0.0,1.9469814418353046
9q90ls3k1i2739wd6a20fku6t,0.0,-1.4268373086202706,0.23311367601235594,0.0,0.0965283728052171,-0.216766658654563,3.220408436909784,1.9064465184525234
32ko5zzk7805mp4q4n3iwiihg,-0.02684268873028343,-0.5555038865009314,1.008834171806577,1.2672449085476103,0.046434795614479316,0.16538445665234452,0.0,1.9055517573897964
f4pqxviuwzd6a803jfx9bh4o9,-0.0237059423847778,-0.29340986477862313,0.696784468245392,1.4496163913421987,0.04516512079547737,0.022852972803943928,0.0,1.897303146023611
3jkzywsfc2vjq3h1kqdhhl2hh,0.043505018596547686,-2.034452987773938,2.65590850437696,0.5906547327556508,0.2443055605691909,0.36612712374386325,0.0,1.8660479522682745
ciguyr553yqapqfudim9af46h,-0.11344695653712096,-1.264683940413075,0.7315151014362758,1.9179582613058097,0.7551716038995027,-0.18886083707744847,0.0,1.8376532326139439
ccmmsnrfn58gwi1petlp08f3e,-0.20438331330188844,-0.8465221019919926,1.5326697614722042,0.736604911566803,0.557671828975249,0.059252706096414885,0.0,1.83529379281679
9najgqcaamqj0qtiicuq9hey,-0.9240725521568646,-1.1590593134968228,1.590220862086166,1.6022338970155945,0.5898543641708118,0.11178568035037194,0.0,1.810962937969257
9ugpnnovqttl8lguv7wdyiezu,-0.0007863932353247751,-0.673556825217223,0.2755169092960509,0.8901332381353495,1.3814985583796946,-0.07167519540022421,0.0,1.801130291958323
8gde39dg3u3kqhd8pa2mdcn2t,-0.459122843922172,-2.8372474103553404,1.395834404881049,3.5443786192782367,0.1752178191716949,-0.03048075992799555,0.0,1.7885798291254726
c5jk0pvcvqddy0xiqv6qkesph,0.01755191986482605,-1.7173214287768046,2.883462906021759,0.20251336581062346,0.2972471794319622,0.10374568721834879,0.0,1.787199629570715
cf70r39m2wgbijtw0co5t6yfp,0.0,-0.36082019356587564,-0.004682801837174998,0.0,0.01956410618422954,0.0,2.124771085239481,1.7788321960206601
7w5ivtmbqzi4hfte330r1a505,0.0,-0.32314119890981435,0.026124090790910826,0.9928042568303735,0.03783276122226851,-0.18082347647662422,1.1950150295917412,1.7478114630488555
baakmd4ndnulbl9npvmq90mvp,-0.2526629260725544,-1.3213655131344046,1.539897406102247,0.9837399561506399,0.6223659430389195,0.09075617518087625,0.0,1.6627310412657237
6jqn5grsuhuo5at81pzahr6xh,-0.10247898341651901,-0.7092763261444627,1.4204924991302526,0.7890704673805393,0.1608558182011838,0.00634933414996585,0.0,1.5650128093009599
awsbedog2zaz7zpjucbcba82y,-0.1363807696595283,-0.7497781825273344,0.6481143914008575,0.8928766264666315,0.8191971512801053,0.08958070280883065,0.0,1.563609919769562
aqnr6l3f02hx0soadunxbjcpg,-0.752353132443059,-3.021224314161962,2.575029006399778,2.0179922944482356,0.6326860171502134,0.09395966413377656,0.0,1.5460895355269824
alkcbccyfsjddm897cgz7wel1,0.0,-0.1312940071770713,-0.011365040151182174,0.0,0.021937350304647968,-0.026909259576044002,1.682173137407517,1.5345421808078676
3o4tq8qooplx2izq9rucgu7d,-0.16216383744202129,-0.8615503435236159,1.1052240755538696,1.3906695997160976,0.04319182237327651,0.004510129753901034,0.0,1.5198814464315076
a185wef6iz1nun1wry40jcgoa,0.01597491688865528,-0.13095064668375672,0.4862051399455148,0.7769822082391252,0.24920440463570478,0.11321198233094724,0.0,1.5106280053561905
bpprd2haoafk6y0rjans4iytx,-0.47860077900939224,-1.3297653428595113,1.5658374330920128,0.8688519723768545,0.48304965499020125,0.33545589172551404,0.0,1.444828830315679
73lwz4he5erpp25zi8crjvztg,-0.3601502104723007,-0.9324229508383497,0.8796121970370209,0.981315443332798,0.7974290376156995,0.05707179441490335,0.0,1.4228553110897713
y1ky8sp8scl05mmfr7byy3md,-0.07514470464825519,-0.1787300344901698,0.6917959227980484,-0.10202716865002665,1.0477602277164262,0.029160930498749547,0.0,1.4128151732247722
6f3c55lmvbkyifp466cepudt6,-0.06836704305335611,-0.6611287789347363,0.8418789832967432,1.0104646841883982,0.1575471070610232,0.12303584938423051,0.0,1.4034308019423027
5q8rvam8iv65g4wjb8rarw15,-0.24535159261973274,-1.787035069768295,2.2593199423547197,0.8594186087137603,0.222978208767485,0.08951564355913745,0.0,1.3988457410070747
eu6pfkiah7otafyryg6ll7y09,-0.26363912358640584,-0.9303534431057877,1.7008025803555875,0.23560238130333822,0.6337306968174182,-0.026579114399573243,0.0,1.3495639773845771
dk7zyk16nsnh0czeky7vi0x78,-0.381527926933605,-0.6782234824539309,1.3020588674580502,0.7233052831250892,0.3133796336138399,0.054794100171368765,0.0,1.3337864749808122
5wwqe546ohp130rvi8x8pt0tm,-0.363458447352464,-0.8352093997442372,-0.08007381532919647,1.7659521634933675,0.8108115731689577,0.019073498647388443,0.0,1.317095572883816
7joybllup4h9oe6zfhcepjy6t,-0.17654687717586412,-0.6261560463583757,0.6151270929636125,1.3005245679265909,0.17503762251308727,0.023941877138092496,0.0,1.3119282370071432
536qjh4gcmpo5q68ti87e60kq,-0.5774522701624607,-1.8460481135605322,1.3291093170420991,1.9646820714492281,0.38669349405335,0.05321276705217393,0.0,1.3101972658738585
47l204bkq2qqjhtazusr0019m,-0.06130401047827632,0.20153438193222972,-0.0914465922405976,0.22577628944910022,1.1096179681535094,-0.09257885056243643,0.0,1.291599186253529
sk7z843dcqvmdf1tkoaoysr8,0.0,-0.08791523044218973,0.023733607156811616,0.0,0.0,0.0,1.3500678403943311,1.2858862171089531
3hu6e9wa0nt4ekubxye6l4pas,-0.2797476204765115,-1.1609134590399328,0.6812736900385914,1.455668123971088,0.7474570049147737,-0.1625958751356359,0.0,1.281141864272373
egcs7b6ixb62ep08t7jznf9ih,0.02753458288010277,-0.40254126485390684,0.8132103084911092,0.6758913096768339,0.12324613875178013,0.015744484859069107,0.0,1.2530855598049881
5nhideyjwp2347ryi1n9wfq50,-0.8519047264261917,-1.7468337993657823,1.100606478658686,1.925276439627153,0.5780894171812128,0.21346938483878658,0.0,1.2187031945138642
7qzban9gm72aznhn11qyxwtg4,-0.0050587088953750765,-1.9339332513376888,0.23255296406952142,-0.06641074802724442,0.08931895696014065,-1.0203029923666107,3.915363985155709,1.2115302055584523
xvher4f1mb6otoui5k5gs3ro,-0.11626895113230527,-0.5134651478794439,0.39786175149979114,0.5391411492444028,0.8768149028107431,-0.014826107291235744,0.0,1.1692575972519523
723av2redj2ej6livx0g81wwl,-0.05240761467139806,-1.0233832868997381,1.0673697870305907,0.7627571344610651,0.3018826570250351,0.09300907432853292,0.0,1.1492277512740876
c6ufljjgl050g9xn7e9ma7hg4,-0.09321663225957132,-0.8125495966298499,1.4396705635376121,0.46712446997733303,0.16632200543921036,-0.04459356307561991,0.0,1.122757246989114
btrg844mxkl6kbn89s7aecj8q,-0.13405708390423018,-0.5857692751065617,0.27042372637172135,0.9677477756661864,0.6556510173230085,-0.056884724539978365,0.0,1.1171114358101457
c6ip6gwp8yvchd1n3dv42go9,-0.07209701021012019,-0.3113979956010715,0.10454661836400428,0.5168051729098229,0.8837988951732204,-0.004757569425757958,0.0,1.1168981112100977
e5xuwwa4qs6zxjd7y52tslih,-0.11293865265274527,-0.9450553121493984,0.88902558338542,0.7126893047168642,0.4635328811610786,0.10332260522380422,0.0,1.1105764096850235
3c2wqlde0kovi9hii52egaimt,-0.2503391047446029,-0.6610909585816467,0.9511269066795204,0.32877787524179203,0.7096046861962403,0.029630631475594194,0.0,1.1077100362668975
d4j19ipiaeuetyij08fofgs15,0.016383073619361865,-0.4354742510364426,-0.2594816574708789,0.808950807240764,0.9501186081343136,0.016778998601466782,0.0,1.0972755790885849
avv12sgcucblnbfb790xovf8,-0.040481244257912705,-0.2533979983596339,0.21561350690746628,0.9552481163157198,0.1411826477824751,0.07707119410323651,0.0,1.095236222491351
2gsq05yyxwe4f8t79j6d49q6t,-0.3516939275710765,-2.2863601220613328,2.3173993465545855,0.3188797685496156,0.8479210212673478,0.24821871398076492,0.0,1.0943648007199047
2yc1t7u26zctwjizi283g6q6s,-0.35556853785214093,-1.3685566501357744,1.3050223122754665,0.9000219707344886,0.5345536149725824,0.06771714315808267,0.0,1.0831898531527049
enimk3ibb10vk3f8vrmmhq7oq,-0.5700922739975445,-0.37396750375370125,0.5142374203556761,0.7742576029076785,0.9523559120231876,-0.21994589743022622,0.0,1.0768452601050704
6jhavdnaitqn6ydme8a526aui,-0.31582815801514935,-1.195756157348865,0.8493710819878226,1.4378862718428782,0.1734821788203615,0.12478014753725966,0.0,1.0739353648243075
1pmoxunz3nw0ptd6g64maam7d,-0.07226540291412543,-0.3695302167299372,0.7296362074151469,0.5965878053581684,0.04088739341014237,0.145295704214923,0.0,1.070611490754318
5m8pflpgynidzk7d9507oujje,-0.916078500865932,-2.177982552076277,2.550284659267044,0.6110058635674576,0.6959423175333876,0.29684268969344985,0.0,1.0600144771191302
96om2im2vd1621ajcexlyekno,-0.22932428941251815,-1.217519006740585,1.182441555642017,0.8969027069061021,0.3133316382844384,0.08005801531221289,0.0,1.0258906199916669
34258m1cvslz8r6d17nv4b90q,-0.046363298329303845,-0.1228648981856044,0.05058693943589581,0.8052137005030064,0.3766114954759863,-0.046346067565618876,0.0,1.0168378713343615
35qg0rrwtl00pycx468s62m3u,-0.1768691035125248,-1.045230640328647,0.7707237834025963,1.1274600436234121,0.2480852148877607,0.09014605142806892,0.0,1.0143153495006663
44m4s9f1ckgdavmqjo0icx016,-0.10607975051069901,-0.3582080526687183,-0.06685887420484658,1.0328665850182135,0.5312771752649678,-0.03804642559682025,0.0,0.9949506573020972
dficbkp6sp4kw7xihaxneozpx,-0.30728124880603624,-0.11058783746872562,0.5022085019967242,0.5566325128960137,0.3040700225030701,0.0184977629461919,0.0,0.963539714067238
8hgpvnzy2mra3ps209tniq7f8,-0.8655372414736583,-1.0150194252762408,1.0020195913115801,1.7086744589860787,0.16039008388389567,-0.028951014883241658,0.0,0.9615764525484136
98qi4clazqen9kimkxt3jb6j9,-0.40502996797739166,-1.043451598818909,0.8147673409938739,0.5579433824203904,0.825686749067926,0.21025124382068214,0.0,0.9601671495065719
bner5siqnwn1fqusfrgujt0fe,0.0017499507333228505,-0.15787964839604582,0.0024417101420869873,0.7854384231176779,0.32563999071256045,-0.007263134062933862,0.0,0.9501272922466685
a4qjllaut1bo0ng3x4xu5lq6t,-0.15592428344436346,-0.42386868795359905,1.880488376808085,-0.4952634421914065,0.1484412592618205,-0.008061153119956326,0.0,0.9458120693605802
d785q9rpqlyuyswv8f9fx4cno,-0.13047509037118152,-0.9770961186407287,1.1447518031392994,0.5211460949482529,0.44731739616248917,-0.0678247216498106,0.0,0.9378193635883209
d5v47kueisvcjjz4f69m83sut,0.0,-0.8944890036347484,0.05871576994246344,0.08847703430878415,0.09908423604868126,-0.3783460848763557,1.9459335042675958,0.9193754560564207
mlqit2c8my1ewqy6avrfhf8q,-0.028576488748438926,-0.36699885898267365,0.6645264143632886,-0.24854867868016373,0.8961928119130286,-0.0034472526884078763,0.0,0.9131479471766331
61a5bh5xw947nv4mxx62gqaqx,-0.01566106777539907,-0.12476388960897865,0.21560943589543433,-0.5713873843246531,1.4249006611937727,-0.03393518938362394,0.0,0.8947625659965522
9lctm8txbd4n87mk61lwa0rf9,-0.0326755844239765,-0.1307754406010471,-0.10778164790454973,0.995684002439217,0.16050437626607608,-0.005802994995361324,0.0,0.8791527107803584
6k6qt155b79yf36833pamwbxm,-0.20811937167072228,-1.0585569005913342,1.0822872946735667,0.7759905753785726,0.14259189014943324,0.1448161553740558,0.0,0.8790096433135718
64kb0lmkr24rmh59hb01m268k,-0.13293009533368377,-0.49163324029112515,0.6708594088829328,0.4581854831735567,0.3497048249909325,0.023217917189861718,0.0,0.8774042986124748
cmdeqxibr6holfqg17ap9uihg,-0.03594613245537302,-0.09442780217282816,0.3868544917836042,-0.45725649407536784,0.9508868332297636,0.12306283295433104,0.0,0.87317372926413
dc4n5ylytswddlvd82snkb90q,-0.09241369668902012,-1.8216756110845567,1.9486573213998215,0.7303355804105089,0.10149074880170525,0.00546240733023283,0.0,0.8718567501686918
cvoxwqoj3ak99w6wsp1yfbl04,-0.017810679325791674,-0.27473629483577705,0.026309880054133216,1.0234835462352259,0.10759157918900451,0.0019440010619307775,0.0,0.8667820323787258
cy0lv5u16obr2ne4xiins43x1,-0.14350630158831043,-1.6134931380152584,2.507315558623431,-0.41359857047125415,0.42830634460904826,0.10037638255497139,0.0,0.8654002757126275
biee6dvb524juzai7iryyskix,-0.9123287542823432,-0.7856864289549085,1.2815172343893921,0.9412832550623965,0.29053432124021406,0.024888567145354992,0.0,0.8402081946001061
c2an5ksdu6jbap3x3jp3z9c5x,0.0041679064731729824,-0.46759984316347697,0.1165065253963991,0.2967476700007682,0.7093915693100052,0.17694757099257585,0.0,0.8361613990094444
1nk0hcaa9o4jnyxc9ndz1lams,-0.5891731582367249,-1.4820431397437763,1.1599019093251652,1.2694237490839033,0.43914237056098254,0.02611032311011232,0.0,0.823362054099662
b486fhu2s7pyi92yk1iczglp1,0.0004697685520051284,-0.1557890620074887,0.011802489996190164,0.9123506889740985,0.06245427813459459,-0.010140620754069336,0.0,0.8211475428953304
2tc8y9du64tjno62zll2jhy7e,-0.773097621658365,-1.026300625856706,1.3181844297771672,1.0386701489695354,0.30639161311970275,-0.04973995425668327,0.0,0.8141079900946508
2t2mq9pun2hrdvadnpixxvlzo,-0.3746450229528225,-0.4685095359422536,0.3109932075186876,1.278308810084786,0.07407487457910415,-0.02035778449773166,0.0,0.7998645487897699
8u19xeh9ugvh8f1mh7jnbbhuc,-0.403610139942718,-0.7111631867379548,0.43434145673566854,0.6178053908845805,0.7785504755391808,0.08203504955118782,0.0,0.7979590460299448
29fr98or3mqippn84z3p9ihhw,-0.7848187872898467,-1.1624660531001736,1.0134566194442933,0.9726726959097212,0.6575157985123737,0.09813580734041258,0.0,0.7944960808167806
by85t8ssyumcjcks1jx3v96vo,-1.0052870904469495,-3.2937455317001594,1.57082183459212,2.5715345193899823,0.7924266757694103,0.15312144949392895,0.0,0.7888718570983325
913pg8qqcjp99h5fjybbenob9,-0.012505019126563646,0.1921634306865826,0.36159111194365906,-0.3566744107687857,0.657700309698422,-0.07125263160539942,0.0,0.7710227908279149
8przxwwothu3crflys7ahl4dm,-0.02527820373206143,-0.5463500691568035,-0.2622862815484424,0.8826819129477945,0.8134691367284707,-0.09938205470206574,0.0,0.762854440536892
8ymqihdfqc7esda7y407lebx1,-0.11464947318397405,-2.695170347085784,2.4724380468189406,0.039718164454358995,0.8708173817483293,0.17693540759178503,0.0,0.7500891803436556
9ano8w4jrlk6zq92rxchzaru2,-0.5526894740061545,-1.0626227827308032,0.8863344114683744,0.8957370888875,0.6370661587196046,-0.07152605443368604,0.0,0.7322993479048352
43ib46nh45n9oajf5rmaz4f6x,0.022930638343678422,-0.2794521537288103,0.35537512117126036,0.24576148862926872,0.40939903622664336,-0.027712199538098257,0.0,0.7263019311039423
ekjy3o3ymld0zkjdaynb4itat,0.04590508871480504,-0.6488129568891918,1.3821456173479398,-0.11628349682875755,0.030212712280476964,0.03080744335242952,0.0,0.723974407977702
bzanwdo4ihqd6d7vr06bd3845,0.0,-1.0492732422142563,0.06419488974956902,0.0,0.07803672559637434,-0.2566785662365163,1.8836159775801935,0.7198957844753642
1zybkcmp40td92a6yg8sw9uga,-0.20613196908217407,-0.8423873167182586,0.5854593085498988,0.7379988004300532,0.33468347610784943,0.09888082908211375,0.0,0.7085031283694825
1wse4b1hxu37e7t5ty5ykn7c9,-0.01813283058938048,-0.2669429335731659,-0.47785984571310075,0.8780616645690436,0.7048962042896665,-0.1255761480874464,0.0,0.6944461108956165
cdir3jevzi4o8edgtfwu6jfca,-0.07839490656561231,-0.5492103735111264,0.46631382887231676,0.7675701205994575,0.09676020397482253,-0.0094421418568735,0.0,0.6935967315129845
14csdlb8p0tnj6zqrs148ct1w,-0.18030565691727082,-1.6146106276276915,1.1423367668530702,0.5504365957536912,0.6417867368912021,0.13834680959568335,0.0,0.6779906245486846
1x6fhuy49w4rpnyavwotbf504,-0.2505157489641578,-0.529419692228686,0.5103422097572458,0.4444300182610071,0.4538055580114827,0.0308053741966036,0.0,0.6594477190334952
cp866ucakmwqiwxrstkaxwgt0,-0.0708688760783909,-0.8687075650783409,0.29912460851767664,0.3434258983831838,0.6215407720266668,0.3222905429363492,0.0,0.6468053807071447
16tmkyjtx7rr2rbb6ey9vasmi,0.004731774802159491,-0.08494243856922448,0.31283527149528884,0.3361798865597843,0.09771757861573285,-0.032061951740854557,0.0,0.6344601211628864
4utx4h5jz14whtjawxn7ox0r8,-0.0028841396470960174,-1.1575342840584644,0.36490169061313077,0.12916523476370328,0.9752860627082004,0.3059709437887733,0.0,0.6149055081682475
d8cxurdt9g5gezqlfwae7ooru,-0.08430534559140081,-1.3542492966763426,0.9297890909821679,0.10792541140777595,1.1353087047046289,-0.12066148338169859,0.0,0.6138070814451306
7b4jmfu1ejoeci2zmvwuejnys,-0.07740665854700092,-1.001029104870327,0.6623975879301186,0.06554693619040339,0.8734647618131675,0.08531612415317964,0.0,0.6082896466695411
1s1c0w7we8oouklrwshie0iz8,0.0027268612971247204,-0.02631186787744758,0.015202507594052424,0.5996912805943091,0.012818028920330356,-0.0011064474493011423,0.0,0.6030203630790679
9o10vhew3jar8tqnkabw0qoyx,-0.0912611049144805,-0.7837245592794585,0.8437058760635734,-0.03090225669789251,0.6545337639632256,-0.0010032587897751807,0.0,0.5913484603451924
dsh8ta4q6v5ews2e19p9xh6y2,-0.010258193769642389,-0.3670844158311302,0.3912654790069963,-0.23041355346003922,0.740152331966628,0.06512719926265861,0.0,0.5887888471754711
d5g7rl9a83vu3cyyzvu5yveqy,0.13305809706557317,-0.29458119797340876,0.195472113329711,-0.7406095608745596,1.2522717789766846,0.006081372429424936,0.0,0.5516926029534254
5pg02unrm16jaa8vt5ego9z6y,-0.03265788756335053,-0.072733483775906,0.37677571815899225,0.19465476473599028,0.13627805699653284,-0.05381939595723243,0.0,0.5484977725950264
ekur9x1kzp8wq0lwfwev0b0bu,-0.42660174197226247,-1.0817555996677304,0.9904595954863398,0.6908170266591787,0.38678023019925306,-0.015984940243157185,0.0,0.5437145704616214
1rd0zzpp3dn0y7qtxwc57g7h1,-0.14237030895019961,-0.6569917443750785,0.06414484718033821,0.08404665233286537,1.195950432670883,-0.00864875432572614,0.0,0.5361311245330823
4jauu6ue076rbeq56exa4bcyy,-0.1275388903584395,-0.4161979561485671,0.3491981694038195,0.5733081284040329,0.09421728258597294,0.0580742263418665,0.0,0.5310609602286852
9lju80srwcwd1s6ezrjbk33tg,-0.039972436722655935,-0.11349613948196989,0.595897290486273,0.00851452879363268,0.057289535534992324,0.003952799855782065,0.0,0.5121855784660543
1c4fzmrwmlwaqmqomge14rqc4,-0.09349057203642862,-0.12884901862942588,-0.012067672091850478,-0.2034123140483268,1.0497325305415475,-0.10178554071665982,0.0,0.5101274130188559
55jzj7tzvnfytfq92sbcpvuok,0.015893009529211227,0.11133922928710191,0.2529147020427627,0.11745533201369321,0.011792038974403713,0.0,0.0,0.5093943118471728
29q4j9r2lgdsdkkq2fgh8l7o4,-0.4509801559731499,-0.9261636456756162,0.6367888056877987,0.16857025509822787,1.0311143615950098,0.04352393099963558,0.0,0.5028535517319059
bwxn7o8ved1xo5bmfkfgzekiy,-0.379156010462266,-0.6644243752272985,0.41621716322081176,0.005413144485265718,1.0106556786407663,0.11067344698374017,0.0,0.4993790476410196
dotvgi9g50m2axfw4isamd1ck,-0.16851503338685497,-0.09234716791879102,0.8444545989251957,-0.17919106367681736,0.07807950172175736,0.013899829149426743,0.0,0.49638066481391646
1m0qpbce7dob7mdbo7titbqp5,-0.2052694322095276,-2.2356155009921586,1.8761693152448489,0.3459771114702106,0.5317072032164074,0.18013113186826055,0.0,0.49309982859804125
264gu641hrd38wqf28xolwhlg,-0.22072659107120032,-0.9317756468064652,0.6949623016876925,0.6840175279033811,0.22807556894166206,0.024215464594099373,0.0,0.4787686252491695
e5hzt8nmhu2ktn69dsv67ga38,0.04210915372432451,-0.8782271538842632,0.16757810514086957,0.38134030711193545,0.8398738059825541,-0.07612310520809103,0.0,0.4765511128673295
2zkaf848fjcdhuii8783pkm7e,-0.07539111081456798,-0.7890366837074376,0.28594238606338196,0.12154472197760288,0.9579673699289071,-0.030369038405976215,0.0,0.47065764504191016
4mz9mhuv21kti5x38fb36q2g9,-0.2929274689681164,-0.6420646621292936,0.9633749968861547,0.13903293020300567,0.13631998571346454,0.16381789063312224,0.0,0.46755367233833717
2ifp36vdm0d6rb3xc7muuvv11,-0.3607509924953999,-1.2002138586085558,1.0084264270523207,0.5217670624681442,0.5155959324894803,-0.01979090489004327,0.0,0.46503366601594637
b8ixf31bdyfqqcwoy4ulai73e,-0.09378630342715669,0.08460839153565063,0.164927944879488,0.08074774025800097,0.21055033653494107,0.01766932611880289,0.0,0.4647174358997269
6wwk8y9mklkh8x606ynhe1lp0,-0.8501089325046128,-1.2152389729712414,1.1265335275309922,0.9631352397313324,0.28109973559098883,0.15884200847272403,0.0,0.4642626058501832
4fsu74aeogf53l2g1tx89vuok,-0.16625395894920292,-0.5590796553366272,0.34165922016856604,0.6817044448861319,0.15041750519017733,0.012755775108748443,0.0,0.4612033310677936
7tj7eobo7kmk8egcbfrabe8d1,0.00903349289222961,0.08848808383922074,0.20503830286007965,0.13085819205773724,0.02903462722918312,-0.0021052618360053385,0.0,0.460347437042445
3g0xd9rds9relghxanr1f5vc9,-0.12408486268032973,-1.1208397424558196,1.5488629373171319,-0.36687362356236086,0.4476855862355915,0.06887477525761067,0.0,0.45362507011182385
ely6vpyueden4b6ozfmspwgk5,-0.044618527616399006,-0.6472550065818409,0.3153129012093957,0.4324521367791423,0.35007675974917635,0.046446554385865764,0.0,0.4524148179253403
5oghztk07za2yuqq4jnav22y2,-1.1624986998664952,-2.6187311361416716,0.9887501633612196,2.7794768166243182,0.3859337570598577,0.06837467350203781,0.0,0.44130557453926655
ass524umdrpsq324wksaqef4k,-0.06073164006555301,0.06157553269819717,-0.49700720018533606,-0.5793915541555145,1.4092398090270166,0.10543183003268021,0.0,0.43911677735149035
4n18t6bixl6ba3bx76hym51qs,-0.18846580680269068,-1.1922751579022755,0.5941312325689718,0.6331443869889166,0.5549569868441196,0.034351668609705184,0.0,0.43584331030674706
5lvdnoyknuoyr6kdruposgctl,-0.06988996078033839,-0.28336050561309106,0.008322316636067601,-0.29461449871635775,0.9676505974085439,0.1069515855357415,0.0,0.43505953447056567
aajft01g5yggw0is5fbfh3105,-0.011451883215294466,-0.49874860250564873,0.35749189754974314,0.20941656637281855,0.37314928175983814,0.002361872743900865,0.0,0.4322191327053575
4ported2opjp4xbp87bpqb6z8,-0.2032027425473747,-0.9637641888191806,1.6524049838305157,-0.18240634501016192,0.10561712686123269,0.020825553797728047,0.0,0.4294743881127591
56nbghr9snc79dt8h99wleej8,-0.10632481002048588,-0.5136830160648165,0.24037736551330405,0.6138324705582414,0.2308031400220316,-0.0364861963374131,0.0,0.42851895367086157
792zq4joba1qgt0lusvrjantg,-0.3007364608122865,-1.4358815632914945,1.68651415672773,0.11353943801270572,0.18910877156957778,0.1730794722327769,0.0,0.42562381443900943
ctp8zu9j5xq6ra8f2n3ybfn6c,-0.018393056231652515,-0.24103269881553205,0.15970275828873723,0.44008357789918373,0.05649628688593171,0.008900250709231686,0.0,0.4057571187358998
7d8qc47gy4mb9mo67e1ic448a,-0.1987143244009968,-0.2737775780774253,0.06109537767087785,0.1556062620811795,0.6249259416983932,0.03391092114788263,0.0,0.4030466001199111
c3j7ddqg0yzporam6gieibgiy,-0.5669224669988615,-1.6137728346166618,1.4840614800653602,0.7608709946543235,0.3207330559277492,0.017336533403085972,0.0,0.40230676243499564
e6x3hs6v8cq74ojgluyny72fo,-0.19403019464531202,-0.24371345894805338,0.024192372991387393,0.28397887160550406,0.4915613961682119,0.03811263400380572,0.0,0.4001016211755436
d7ml58kwwpetvnw46qja9ru5m,-0.08682514809820985,-1.1687847837663692,1.0240760830933182,0.39412303180269237,0.19677800803332368,0.03641761186070025,0.0,0.3957848029254555
nw48ayorxrpxwcxbdhxy44k4,-0.0005123771529936668,0.10560175953187399,-0.08362921021847237,0.12518403316916799,0.240350776598141,-0.0002724673113614225,0.0,0.38672251461635554
2hbduprkyabq8g1nhe6b4g3bp,-0.32510522194885993,-0.5641141012133629,1.032264566438406,0.0351231245159307,0.21783708473408803,-0.01738872162684614,0.0,0.37861673089935577
lduqoe45t2fnbn9s9rbvlnf9,-0.04254905001694636,-0.003093602009733688,0.21200008199073178,-0.28353617995468244,0.5943556963745396,-0.10040171035300956,0.0,0.3767752360308993
7bqajkmno3ox004kdbusxv9ey,0.07244037109490482,-0.581043691207055,0.474133309437239,0.21373682690025958,0.12535041242890954,0.057029268591890364,0.0,0.3616464972461484
5bm516z74pbsyfemsathj3umt,-0.5716842565739462,-0.4209038306321336,0.8099189335760035,0.2963473524326048,0.09598215976756543,0.14495376304127688,0.0,0.3546141216113709
6jabylbbn78fxakfp2t2h3huc,0.0033265470488986447,-0.2689151006279161,0.4418492370247391,-0.11232413006913021,0.24327272973750874,0.024184686024848058,0.0,0.3313939691389482
dc119ejc7lls2rd3ywigl2smi,-0.0007109199301400517,-1.4527134566759192,0.1022440966695833,0.36197504543748205,1.1999093571489403,0.11965485290099181,0.0,0.3303589755509381
8kydif03gk6apce8xwl9w3ht5,-0.003999111056995637,0.012375965670888438,0.009666105518250206,0.20574540718903667,0.10862175528849755,-0.004967712651858089,0.0,0.32744240995781915
b5sf6wcogrvlwuwbd8xsyyfh1,-0.1796518384843287,-1.264015984989437,0.38438285371856423,0.4646617403772014,0.9650389738594435,-0.043963573377051805,0.0,0.32645217110439173
f07qmqesi1rpw7eapoz9rb0gk,-0.0598467087858186,-0.4038363904172877,0.008082975140234145,0.36952821077243936,0.5089773512968808,-0.09731724870906507,0.0,0.325588189297383
3rrges782prcprsn207dk4zit,-0.034128732799801824,-0.19319683770285237,0.4108874491241951,0.09280749082847958,0.030406400933180186,0.015175722861951353,0.0,0.32195149324515204
30t0ph1icrggc0x62om801ses,-0.6909702191328357,-2.453351354514636,1.74197109509554,1.2757135673057416,0.3835242208312887,0.062431084300954606,0.0,0.3193183938860535
8lt54ei6pcu25u8uerigmx5yi,-0.0987848873647958,-0.6780644662251891,-0.24285822206508237,0.13882853178812563,1.221194107144824,-0.026682136120625685,0.0,0.3136329271572566
3ojwbw6v83g9b0u2wssnkzzzd,0.0008814784519234446,-0.05790485790241892,0.8118825475466168,-0.7782039154006257,0.2978660602277905,0.034520836362634824,0.0,0.3090421492859209
d2698ncsatg6jtvb0l9ijhj4k,-0.0063473729384219395,-0.10366796046641912,-0.10553790122957614,0.2749167678400236,0.20505091050955496,0.043864005754393545,0.0,0.3082784494695549
1ueqcjuatzazpmz765tru4zdg,-0.08060717816956224,-0.02760448355209253,-0.12954616017606285,0.07989605845533829,0.45485405480023544,0.0062398153978405636,0.0,0.3032321067556967
52cqyvn8cfh83i5zwm3181pbe,-0.6852441966962098,-1.3684177597931746,0.9821674758389479,0.05959700425075095,1.2102993582155082,0.09764415099598228,0.0,0.2960460328118047
424ohpqxpz31dlopxxamyk9as,-0.0637518101616452,-0.09750019930531251,0.04903691939667355,0.3429955618539209,0.04052009631214046,0.023536614354808735,0.0,0.29483718245058593
434aulbxf50clnx57fxsqge8k,-0.1546842549477725,-0.22349972645834987,0.21084963304693605,0.3006767268086866,0.13422046802185325,0.021558528435245108,0.0,0.2891213749065986
24sgu58uugxgy49el075dz21g,-0.35569222746291956,-0.6203378246061569,0.46527203457233185,0.5373318027519981,0.2683402601422085,-0.006756477321935598,0.0,0.2881575680755263
4kns22wbu3emy5oxbpr52rdud,-0.1375674338309519,0.14956902607523206,-0.17784965043402126,-0.039751311703290285,0.5291810814568648,-0.03865146067235538,0.0,0.28493025089147805
czlf1kiqdfepc61hwfutoydqs,-1.152834882182953,-1.4348096735916736,1.3068631760561995,0.7330674604479415,0.758029827278698,0.06979667004302421,0.0,0.28011257805123685
9uo88sreasbyj41lg34hxy28l,0.0,-0.07377615409163198,0.024725839922133126,0.29022530862915363,0.04169163421090662,-0.0066238091246653835,0.0,0.276242819545896
4j5hfebi948ggjwexpndrub1m,-0.07204680688450837,-0.5492057625418071,0.7867949683805039,-0.00016639950599886544,0.06964672748303916,0.04051672092715811,0.0,0.27553944785838685
3rve12v22lh39aaqgjlwlmhas,-0.030462386302007066,-0.16034500512504304,0.551105829669293,-0.1713862184038085,0.06631774037278482,0.010501820139130914,0.0,0.26573178035035017
aafz6q5ggn9e6m5hprc71lgph,-0.028638776548168134,-0.5773472447352603,0.8702966054958443,-1.0639022449509623,0.9651035662005283,0.10021891655783598,0.0,0.2657308220198178
hjb0mn4fgmfiimwn5odvl8fd,-0.018313582793457538,-0.1713220447383542,0.1341488344691483,0.28076201206990736,0.022134911418196488,0.011819183952899949,0.0,0.25922931437834035
a76yp8gkkg6frtuhh3d6l46i,-0.04304848078603554,-0.7914512177867034,0.17739472613608362,0.411310586529822,0.38181825938043135,0.12233785702864276,0.0,0.25836173050224087
byirjks50zw1eefkcy8p4hd5h,-0.02878234150132859,0.18345606716898397,-0.1257775878014625,-0.5594129574832848,0.9420332354100601,-0.15347480796052512,0.0,0.258041607832443
e3akocgpppdty3ayxty1gf6xh,-0.060360604598307305,-0.47897720524302784,0.19124005402483535,-0.8457147723128058,1.4283953656168944,0.021095665045153644,0.0,0.25567850253274255
5mqog8k9eyi248jvrrp9fo8wk,-0.0284055458927056,-0.5631398499655386,0.0662965209453284,0.03703166225418875,0.6506280011521584,0.09279354679001221,0.0,0.2552043352834435
2p6h6ivyzp1fzsayw7r2xn2dx,0.0,-0.03248469721513862,0.0014729186677268549,0.0,0.0,0.0,0.28568527117022313,0.25467349262281136
4qr07cfbwquppkww057mb9tk9,-0.14464407211260177,-0.8805790761101627,0.41460676797730883,0.4612423385527525,0.38773941145265006,0.01299949985264983,0.0,0.25136486961259674
4dk7h575fifmw2lhslevhmhux,-0.08236197786450127,-1.6402627897032116,1.3751091033173974,-0.20680256471390052,0.7893580342119713,0.008282824048964776,0.0,0.24332262929672013
5ylwgfqvaobru2lxqvlhpxul0,-0.1970671380878248,-0.21644238748712544,0.16096992582884764,0.04829872078292932,0.45471856801496374,-0.017220179497382727,0.0,0.23325750955440774
e74wy7br5zhkds5s73ip0tg4,0.0063539717077589555,0.04179967808369654,0.13582651558276287,-0.0004724756165971622,0.0,0.045599359668978906,0.0,0.22910704942660012
8y6kxc66t4hurxuz4m4cm388a,-0.31871386921023676,-0.46698987555614996,0.6327347191262187,0.3429497211079943,0.08672773147033652,-0.05686133603280334,0.0,0.21984709090535948
2ekx0fvuf0dsat062oj430d05,0.0,0.0463250418443944,0.37563600875188824,-0.5431191008807639,0.28415226556171463,0.05562062563788973,0.0,0.21861484091512312
cs49ec8y6cubrlo5nmu3j3jtg,0.018534265941140004,-0.32435206302272757,0.19636061427625676,-0.356185916705237,0.5202492934499904,0.16248014382309106,0.0,0.21708633776251363
6u7z5qrlwzl9aug8awejq37xl,-0.26988268436082574,-0.4927093385185915,0.4856221896213406,0.27066881049574365,0.31498167131255067,-0.09927004081441305,0.0,0.20941060773580472
d36na8jr6xcc8eronhy8mcz1m,-0.15643202214384347,-0.7478895525175729,1.111399796732127,-0.8379452730109693,0.5886323882896857,0.23656196304060179,0.0,0.1943273003900287
d29ahwtvs7ls75wdtkf7xr8tm,-0.15342276341139452,-0.8328856486383455,0.5956847986715604,0.19220605504003913,0.4652699649754749,-0.07688898833245872,0.0,0.1899634183048758
1fs2iimaa97nzlw80yypcd6ju,-0.048545248438494865,-0.4635996802619402,0.19769626550194394,0.4410286907817689,0.05125779621693971,0.011228417230809112,0.0,0.18906624103102662
8p3x0sm735fru6nthc87pjrbo,-0.043385431864709056,-0.6436618866230025,0.8763007659491832,-0.9013979282194531,0.7954686585134347,0.1041347149342487,0.0,0.187458892689702
aeqj9ogm0dntus0wl352w9z6y,0.0013798131223055838,-1.1981970249984508,0.6747717142813984,-0.8043949642967829,1.413774323294342,0.09682715593120945,0.0,0.18416101733402174
buhlcdwtnxeiqgy079kas7dw4,-0.22795820739155545,-1.0905600644063624,1.256688368988814,-0.1377105120325188,0.1823601978728332,0.1957875224740063,0.0,0.17860730550521686
a7vlgirln231n3dqjhb72o0es,-0.23063803484086903,-0.791561570247317,0.30867450901880816,-0.07318988276296103,0.8662259820699599,0.09530132496009526,0.0,0.1748123281977162
6ydojoa3581jgszpjqj7i8zpx,-0.08307566370518144,-0.19754734245892563,0.2074052566687151,0.20096517646692597,0.04723585990271681,-0.0032133165734871986,0.0,0.1717699703007636
atbvv2os8m7nfs0p128w5a6l1,-0.0419008956742207,-0.24506329481327868,0.179869817792716,0.22544412990447465,0.012571716674487025,0.04051153075732732,0.0,0.17143300464150563
bm3k1knugkwa8z319dscr2yhg,-0.10339172625833452,-0.36398843576939677,0.19959066812123966,0.3013086704927201,0.1320734008272743,0.003943549198800092,0.0,0.16953612661230283
oi8kw43rorvqooiencbnhxck,-0.07916383430897168,0.09352012598129844,-0.015203639471684963,0.024083848298038266,0.12803969352190017,0.014016813046429938,0.0,0.16529300706701017
66kplyn4wfzukepup1ws0f1ed,-0.0037428914435212227,0.1551480984974346,0.011104532486850123,0.0012800698189336934,0.013859255307019543,-0.01269905211017511,0.0,0.16495001255654163
eytcfp4cu6qkar65kf0p5rm96,-0.02519068808858528,0.020778245112793914,-0.14820702767311617,-0.09103351226887235,0.4866913088900411,-0.08392654002846175,0.0,0.15911178594379946
bhyyi1zzlmc1f7xo3wnh3etxw,0.0,0.09698872395241864,0.03332660671248521,0.007113432139379393,0.015996715366981863,0.0033449074791909667,0.0,0.1567703856504561
28o7vv0jud22hmg4h649yozqh,-0.17409997806128288,-0.01396166318397484,0.13048124316658433,0.055725879010845164,0.11622399452766054,0.03930871600701591,0.0,0.1536781914668482
4f8xb5sbyksacxmifi375h7qi,-0.2617693354336441,-2.315917258478093,0.9490690908337676,0.46571909922014976,0.9485874019635703,0.3668634301523912,0.0,0.15255242825814164
33yauarx84sam5u05vgyqxfxl,-0.17254470964981894,-0.28305286365866156,0.6753323394824738,-0.21658018196537795,0.14544508785451557,0.00162286939817895,0.0,0.15022254146130992
dtcvzfse83ztj96kiizwp6jqi,-0.03881516760895515,-0.28960056051721,0.06595508971754836,0.2519298263323567,0.2440656343563181,-0.08725629257698223,0.0,0.1462785297030758
7jgtmmk4b2bgn0syidj6ve7kl,-0.12413360010223562,0.046402395802790215,-0.030517925074614666,-0.009988241284299669,0.2527207772386688,0.009335297560224911,0.0,0.143818704140534
7dkhv2l8y6jq20l1dc2ye17je,-0.1110532908651066,-0.6490097959908251,0.43559871606826606,0.2840577243689937,0.18175048973687663,-0.002050955777849134,0.0,0.13929288754035551
9wwud2tglhtdocmjgl2u5ib6c,-0.021822602573189992,-0.05744405183380737,-0.6446671356042526,-0.21909980405741877,1.080872529161705,0.0004822888721388572,0.0,0.1383212239651751
brfa9yhy2llgt9l75unddogk,-0.25971786984498524,-0.6427127387665855,0.5126090634573487,-0.2572685029390338,0.7324185277061204,0.03674257013621436,0.0,0.12207104974907886
eu901b75l2ly5p48jdw6kwmad,0.00010999791418688822,-1.0604440513220819,0.4954987416238794,-0.5392153267778504,0.9802957915895715,0.24500846956665856,0.0,0.12125362259436401
4fu2agdclsyxx1boxxibauzo4,-0.03667184682802167,-0.0831440365298791,0.09795857228897445,-0.0031592415649008623,0.16989980585336653,-0.025019740203059845,0.0,0.1198635130164795
7xovmwq2h4rcr9nuou4gi3g2c,-0.04441008805849074,-0.27475699610497056,0.00028735090962029794,0.21937487013828882,0.22132899801303943,-0.005132117196757867,0.0,0.11669201770072939
afdwdm1rkz1ir3c0tukfh3jhm,0.007053946885752064,-0.0474241113659213,0.1683186089270684,-0.16039089470528003,0.1454505981426402,-0.004248457561628081,0.0,0.10875969032263126
f2snk84xy67ergwrwoblgt2ad,-0.10966868845656486,-0.5619885982797418,0.3336462573367961,-0.04981239335309008,0.4771197402994117,0.013704195048669881,0.0,0.10300051259548093
6nd0ifv6ljza9nauxcpejqzft,-0.1009511719326181,-0.2658311338138777,0.35351912422579035,-0.039734437605052256,0.16180924056323331,-0.008452012306350207,0.0,0.10035960913112542
5oqqifi0wo6xbjz0xjgwf89re,-0.02640143028407679,-0.27739539776931177,0.36966742964273036,-0.019506123739913103,0.0416850999656628,0.0036684873518981276,0.0,0.09171806516698966
7ty1wdxxnusgkl34k5raipbl5,-0.9129028245172933,-1.9576107139489611,0.9747405278445374,1.5154670298202937,0.4589231112662667,0.009679480883592127,0.0,0.08829661134843533
ecmzlwu35vg4y64kidte9v0no,-0.026495350959968765,-0.0695551501495824,0.005993048112017858,0.0012800698189336934,0.18660595375425018,-0.010341472776043213,0.0,0.08748709779960737
9d4ald4f0m2imaastzen4j8mi,-0.07779003232325919,-0.5611016662708155,0.02391564025223057,-0.059695619921761145,0.815290191306998,-0.054431597314646994,0.0,0.08618691572874568
buappmrojgc4lrl7tngfl8pw4,-0.013356492783954798,-0.09682299482867675,-0.004808950895653074,0.08600649484851275,0.10956241245462622,0.004331095863363266,0.0,0.08491156465821761
9bgq1tfyfzc3wg9pfr8q510k4,-0.09585157866072644,-0.20802929654991026,-0.03853169531952597,0.20345063562716095,0.36322097540269055,-0.14129110688158414,0.0,0.0829679336181047
eoodvdqfvhql03i8kv9l14qvo,-0.09773038900987698,-0.10308032775031722,-0.03263893498998598,0.02651469474247881,0.2739246638365185,0.015680496481382984,0.0,0.08267020331020009
6yush35gfp1sgyyzicye73rp,-0.023689292232737816,-0.25570529437022277,0.004623157622596937,0.1275936297488008,0.21713975107928968,0.01134703338259766,0.0,0.08130898523032454
1q0v3qpciql8rkyz4qrlvbuju,-0.33241021694691714,-1.254343252123195,0.8274545295212925,0.4538508919198687,0.4209325164051474,-0.034829292693222554,0.0,0.0806551760829739
ubuh5wgnl0o5bn3wirdmectm,0.0,0.14684580543209277,0.0010950373382940448,-0.21460852135521075,0.1456581509827827,0.0014512519048998538,0.0,0.08044172430285863
570htztcvfsu947xw6fvtzmc5,0.0,-0.8153018519553332,0.6606893918926184,-0.8786795698945558,1.2374131622293025,-0.12631926108706562,0.0,0.07780187118496637
c3akpx5mnexpkslo0sqqezsru,0.0,-0.04913388684895935,0.02281976294746707,0.08271403814360984,0.020885843166128626,0.0,0.0,0.07728575740824618
29s8wk0a2m66rebsfx1jfuuh,-0.008696745774958098,-0.10942665159755685,0.11483408763239347,0.04392550086328437,0.04084042611788529,-0.005857729930714059,0.0,0.07561888731033413
679ax4aocvzlvj4i7a1bb8rv8,-0.04973718571192391,-0.4832866275795019,0.1652347001867452,0.13198974022290977,0.2724935956825932,0.03879720435054635,0.0,0.0754914271513687
7h6w0i7ebl5pew0v1j8ipin10,-0.05636699019990457,-0.23285038945140854,0.2462605868103244,0.014588387716743284,0.08990679947293162,0.0030919060061406906,0.0,0.06463030035482688
1gl82ymzh9vpitix6v645awa,-0.12639128834626925,-0.5334759166842734,0.48511308289071,-0.9289879734678946,1.1806273944458006,-0.012317387931975139,0.0,0.06456791090609813
247ipjjd0cak2sggwbuorx4yy,-0.14232381150907492,-0.5098861434801983,-0.09388511481067396,0.4332079533831523,0.43016784019887977,-0.0582352334310543,0.0,0.05904549035103057
6hnzgiw8h1itz9l2j3sb6oeeh,0.0005798903834110993,-0.03837127948715538,0.006173608839269547,0.0,0.08751788397504583,0.001609512520573245,0.0,0.05750961623114434
94b7i139jyk6hs6ioqlztg1jp,-0.009838749358270376,-0.5732418946010347,0.7966806663590549,-0.31340213051512306,0.054020436897175485,0.10325721466236375,0.0,0.05747554344416602
9vyizhfym4y8vc07xrvba7skq,-0.041169165542915935,-0.0894927490323375,0.16272978385214704,-0.009822423914960042,0.03049663124454075,0.0038112382589142397,0.0,0.05655331486538854
88523fv89ozrqwnbhgphxual0,0.0006534080630801698,-0.07431306806348892,0.06447745219537558,-0.038124862817646626,0.10133877855813235,0.0002751748613632663,0.0,0.05430688279681583
2yveo95okwv1aicn7pxtnww7o,0.0,-0.007891481185146005,0.04305799268275411,0.01514118208341625,0.0,0.0,0.0,0.050307693581024354
6ip2m18ncyy5m4ft6r8dr0avo,-0.00505516347632757,-0.006674438699725821,2.6637365522462052e-05,0.053204261998820945,0.008567155408624155,0.0,0.0,0.05006845259691417
3dc82sro077by40u3qdmhw0r9,-0.14584200051252816,-0.21005513628917707,0.143994167047615,0.18477374253659015,0.10418723252008011,-0.029742468820763878,0.0,0.047315536481816176
7ugh0uvo5ieoqmzar9lgf1v1m,-0.02084510472117817,0.017239775122735175,0.04007189745366622,-0.0031120737470403947,0.012219061974896864,-4.763793264367182e-05,0.0,0.04552591815043602
af5u44a3vud8ac2vjd8lcjp5g,0.04140783978157937,-0.013364028313234235,0.0002577665235403959,0.006948025565586567,0.009736466369178071,-0.0009591030654986774,0.0,0.04402696686115149
idvh0ac1f8wv39640pyl4esp,-0.002376945206614596,-0.4753232154383926,-0.3731816557244574,-0.30052254992394606,1.1020044960973994,0.08825851110637278,0.0,0.038858640910361564
3c3vzihvua5ap17aa27v1ve38,0.011792390167847222,-0.1494572236425416,0.07257459771108275,0.050251547060799026,0.04662609471333783,0.0022055354742442747,0.0,0.03399294148476951
dmsmbn9a1qucwf100o3v77nbp,0.0,-0.035026491267887316,0.0022862808262365288,0.0,0.0038170457237770477,0.0,0.06101403728011068,0.03209087256223693
7ef73s1ryz38blmo3n9p9c82x,0.0,0.023740391432290148,0.007988749524401867,0.0,0.0,-0.001086568122195006,0.0,0.030642572834497006
1vszjcob0ipvdbvfloq3x7or8,0.0,-0.011306994122739425,0.0870882107019702,-0.05402879370168856,0.008543207014338297,0.0,0.0,0.03029562989188051
b23be312oxcbusvpjnnriukq2,-0.022560572148290214,-0.40261598926984854,0.11244372596218727,0.12850291265739822,0.19753085451516103,0.01678303928761848,0.0,0.030083971004226242
bvwaamcj0bpdrcuoffl6b9rf8,-0.11625929158296008,-0.22191432983164466,0.023748416517932715,0.051795770841985264,0.3182857724936331,-0.02608470669681255,0.0,0.0295716317421338
64oi87vu8r3cxx2fvtr442gwk,-0.034199600961777425,-0.12377980506272471,0.01603858424527823,0.06730505069795997,0.10804088900010517,-0.004501235419470345,0.0,0.02890388249937089
cocgd3hh74fq9c30x9bps4idw,-0.006812166355930826,-0.44691726721923997,-0.5867543324004961,-0.07438568385893307,1.03929832538309,0.10341903597509922,0.0,0.027847911523589397
a7nh8z0jhxz60rbm2jn1m05jo,0.0,0.017670888216709865,0.008700847791935624,0.0,0.0,0.0,0.0,0.026371736008645487
cczptju66ofuymrlsol11fpxw,-0.0019338059976383767,-0.0037461854227389493,-0.02062233192594304,0.005336417637891406,0.04719061998004436,0.0,0.0,0.0262247142716154
dn3pllv1di24gu2utx1nu2m1g,0.0,0.016572894789136015,0.0,0.0,0.0030862058579651363,0.0037226121874114164,0.0,0.023381712834512566
7lq72necawfl67dfee8m8ndw4,0.0,-0.03204818434829731,0.012731426058474486,0.0,0.04003140586510928,0.00084563597496655,0.0,0.02156028355025301
ccwgq414zav0ago263wp64jkk,0.0,-0.018718576562052443,0.016932829905935472,0.0,0.02143233313290882,0.0,0.0,0.01964658647679185
4i5i204kbg1we22h8cabtb1n8,0.0,-0.0047688732542633195,6.984899755897852e-05,0.01476407877577755,0.006933499869888697,0.0,0.0,0.016998554388961903
athunjrtaem9tn76hf10dw07o,0.004194291133750961,0.011381089132986034,-0.004647080656535575,0.0,0.003839732324477659,0.0006697887838888862,0.0,0.015437820718567963
amd4x99ed8bsx9kl01j0k12c4,0.003925675258622953,0.004767773821053991,-0.0007438581387438923,0.0,0.0038170457237770477,0.0022055354742442747,0.0,0.013972172138954374
aar8gzbrl2b48vh14hu1htxxw,0.0,-0.004425201957784954,0.014077486839639483,0.0,0.0,0.003823557027082316,0.0,0.013475841908936845
8f3bhiy6r5eei1n25exhbwr8p,-0.1190206826485478,-0.22540223299642648,0.03187545756657671,0.054491668580898954,0.2657268383488828,0.005032321289617539,0.0,0.012703370141001683
cdkcv67vij1d10ur7fma5qtqs,0.02802188532627954,-0.05334215660671621,0.07298713433412017,-0.05147250110073817,0.00361144522697231,0.012233727702563504,0.0,0.012039534882481148
67np9yqsr86iheossxpve8ufo,0.0002933434590794916,0.0002957397910647141,-0.0007595535065818629,0.0,0.011959464497013255,0.0,0.0,0.011788994240575598
8q43q98due672rcbps12ih0d0,-0.020602608414729096,-0.0021900105649581107,0.010841744027737462,0.0,0.020450329416745287,0.0022740836379698368,0.0,0.010773538102765379
al7bdbzd91zkuh6ilsvw3fsru,-0.09034662288861359,-1.1185026473435846,0.8279156190038349,0.0993695949837643,0.24073911363942624,0.05096227090565607,0.0,0.010137328300483292
7am931rjcv69rqmdcgxvp2zo4,-0.03212532704476734,0.027094115250637756,0.008020394683003022,0.007905400738597003,0.004449976377349313,-0.005589442258821365,0.0,0.00975511774599839
1l6pokz0idh52sh8seqkznms4,0.0,0.014883659038188533,-0.006424440435295558,0.0,0.0,0.0009258617573895409,0.0,0.009385080360282516
5bjdj7hrhuxjbsa8wc1kw42c5,0.002630107083053364,-0.061462306638835694,0.09950628275196298,-0.1441284940398431,0.11398089675173773,-0.0017525452180064624,0.0,0.00877394069006882
2bz8ey1mxuv6uo8duu7if6k4q,0.0,-0.006816672565755812,0.014615468990673803,0.0,0.0,0.0,0.0,0.007798796424917991
181odb6ghlhjpyfm7fo3yh5w4,0.0,0.0,0.019192182489030096,-0.012245558588443214,0.0,0.0,0.0,0.006946623900586882
7962u6otgj03w6a42q6zl5zx0,0.0,0.0,0.0,0.0,0.006860197827281135,0.0,0.0,0.006860197827281135
f314a9y83ou7l9imhnbp4f6dw,-0.013025103632490632,-0.1656397428867906,0.03866409319196371,0.055346843095897075,0.09852673238706566,-0.007253083240266278,0.0,0.006619738915378948
dnyy30xb9biyituq11td12gpg,0.0,-0.0001481490638141781,0.000820691854432897,0.0,0.0037739929447002884,0.00151664942698691,0.0,0.005963185162305916
1bzrc169lsg8khaqy7a89oqok,-0.0026805941680878866,-0.0014972709695896882,0.0,0.0,0.008623696706552036,0.0,0.0,0.0044458315688744605
2pkvr178sqkj16uu1fdbab6c,0.0,0.0,0.0,0.0,0.004237989315671661,0.0,0.0,0.004237989315671661
90pdjxaaxtj67idjmb4ghcems,0.0,-0.001457246639138255,0.001908057577200268,0.0,0.0033959346156175857,0.0,0.0,0.0038467455536795986
8tqsvu5sw6kn014hdv88zppm1,-0.07452306945336616,-0.6262846519406848,0.7185898217607422,-0.3830587284556163,0.3994501512316832,-0.03053552214109366,0.0,0.0036380010016644065
ao1bp2r34qvimy3woglbk5dzo,-0.004161168235484119,0.0,0.0,0.0,0.0036692102455914894,0.0037226121874114164,0.0,0.003230654197518787
cla6c6izphee9prb80c15baei,0.0,-0.007818636878335849,-0.026290214613487704,0.005874251327328748,0.04992396893947782,-0.019139597979150533,0.0,0.0025497707958324865
4fweqnbfhqxtxzx9culxr9lw4,0.0,6.682725274790029e-05,0.0021963258392293495,0.0,0.0,0.0002528744025939709,0.0,0.002516027494571221
94y5a0g4qvxgv00qy5l51u13o,0.0,0.0029375144373638327,-0.000441021151200183,0.0,0.0,0.0,0.0,0.00249649328616365
51amjiu7y5foxpshlwy7dz3mc,0.0,-0.011352153211346817,0.06552924417115288,-0.05178769634313557,0.0,-0.0012947992682349073,0.0,0.0010945953484355882
6hpvm6ktb7nulhdph4497649g,0.0,-0.011640493485556642,-3.6765349999044305e-05,0.0,0.011525936714700414,0.001100033631100216,0.0,0.0009487115102449434
doldjju9tkhyzz6mj9deenobt,0.0,0.002720881430402027,-0.01102078482369782,0.0,0.0042997774911370775,0.0,0.0038314175326377153,-0.0001687083695209998
9n4citdsm2211g4qfu0uq80es,0.0,-0.00010696179376973878,-0.0003161259791959548,0.0,0.0,0.0,0.0,-0.00042308777296569356
cxbmtzimrfxl6m972cn7bdyc4,0.0,-0.01494977836358683,0.004981462743985497,0.0,0.00402165883681203,0.005215869212603501,0.0,-0.0007307875701858006
a9mx5ndwvtlowjv43716ufswk,0.0,-0.032454532491443575,-0.003069511141334612,0.0,0.034333498712093215,0.0,0.0,-0.0011905449206849744
8wbhtkawasrqa542ehabd0y6s,-0.007308193373328229,-0.027821565022038836,0.010808305071506022,0.005074172881528262,0.012119150361586879,0.005215869212603501,0.0,-0.0019122608681423998
qjsic4vqv0awzdepn3pd6ivo,-0.01020254808491033,-0.04047942237673494,0.012481033043997163,-0.008812714698628064,0.04206182893378679,0.0,0.0,-0.004951823182489379
3l7amac6wdv9yztupg7ur3kl,-0.0026805941680878866,-0.003304749467335618,-0.002549995463511037,0.0,0.0030862058579651363,0.00010968106786986265,0.0,-0.005339452173099541
e7r1dh9t8xybboh4t08qse238,0.0,-0.00582486298184417,-0.0022159095739592693,0.0,0.0,0.0,0.0,-0.00804077255580344
11uis2qhphq8uucd4vixva784,0.0,-0.03175193246188844,0.02263985588432841,0.0,0.0,0.0,0.0,-0.009112076577560031
bw2pkqwfuxonrsgdpxr5f3384,-0.015329310322538512,-0.001230800314409069,-0.0034361564529263038,0.0,0.011569789921527436,-0.0007071705291933662,0.0,-0.009133647697539814
4nkd85hpwiiqtieuslhcrc2ga,0.0,-0.028790455759225914,0.0011695315886406808,0.0,0.01641501546472148,0.0,0.0,-0.011205908705863753
e8ppjprlbi0yiofmb7mj72wwk,-0.013122292692003722,-0.011765707852321563,-0.01391794584503381,0.0,0.02331299266169424,0.0034886308555272904,0.0,-0.012004322872137565
3uq3lrjyj4mnvq6162b0jyhnt,-0.1240333462800671,-1.3053447617777554,0.1467434467508448,0.23878339699044046,0.8920438344875927,0.13926741594458278,0.0,-0.012540013884361684
2wkkk6gwgpyozr60341o90y6s,0.0,-0.014506502889429281,-0.003806306943515642,0.0,0.004042538462993265,0.0010472484170594959,0.0,-0.013223022952892164
9v212zfspaz9cmswudro21ous,0.0,-0.022061846220172696,-0.012223237716594108,0.0,0.01772242094801998,0.0031148555335010733,0.0,-0.01344780745524575
7ckkvggtampx9s3nklr1u62vo,0.0,-0.016682784019538505,-0.01905295766767344,0.0,0.02179587241385264,0.0,0.0,-0.013939869273359301
dmnk8dz6w8n4fcso88fuvusfe,-0.10042875467684399,0.053119416833954575,-0.005701926686827008,0.0,0.04707730509895964,-0.008301147559043546,0.0,-0.014235106989800333
9m3115fhbxgjwfr9stchwvytw,0.0,-0.01865818036564228,-0.03229894765560279,0.0,0.03532771148616773,0.0,0.0,-0.015629416535077337
devvpv4u2vs2cofnwp4678mvp,-0.0033959346156175857,-0.07284019509721877,-0.034590755107112355,0.0,0.08852363511411432,0.001996430604527354,0.0,-0.020306819101307036
5v3kwio58999yd888sqphu49g,0.0,-0.04954656510795887,0.025689810439074375,0.0,0.0,0.0030370238074982152,0.0,-0.020819730861386283
6ybcevijvdov8qj1hxcbw3dd6,0.0017843108671960232,-0.07259826191928771,0.0005345467040795563,0.0,0.04868679947233667,0.0,0.0,-0.021592604875675464
1tj9gmnm02s8f12zwzvuwnoph,0.0,-0.03443180142499638,0.012541103544156124,0.0,0.0,0.0,0.0,-0.02189069788084026
5gdkg4anqky2crl4ckfr9npjo,0.0,-0.018717506004491527,-0.00432291584208103,0.0,0.0,0.0,0.0,-0.023040421846572557
djekc2mhsntvqyvsq26ru115g,-0.003197010218328925,-0.050158678721575874,0.008158498365214666,0.0,0.024486787915256585,-0.0025824807797269456,0.0,-0.023292883439160493
eu7eoxnltk5avqgtm94912n10,-0.017677287592504292,-0.0031740348576841057,-0.005178156052204343,0.0,0.0,0.0021052618360053385,0.0,-0.023924216666387402
dqdu0arww7z83y4of1nvi42z8,0.0,-0.030650157934908794,0.006015679437143089,0.0,0.0,0.0,0.0,-0.024634478497765705
a48j66n8bzz6ffcsyiodbfwq2,-0.008005185787919335,-0.12546982368959064,0.04963501463823109,0.0,0.07284612478645068,-0.015098745249434225,0.0,-0.026092615302262444
7wz2sc3d07aaduyhmihffa2hg,0.0,-0.044053784688856054,-0.02846448147349028,0.0,0.04529540535283207,0.0003316788566393907,0.0,-0.026891181952874866
6sya8p154c3vtvr0dk0etg8wk,-0.022552188656180173,-0.06855319033645996,0.015393945734529286,-0.010408853428141601,0.06228627580866779,-0.005483042265934802,0.0,-0.02931705314351945
6dd248q0adq6su677bw2kk2c5,-0.014295223299968001,-0.16659939644892754,-0.07261246646488494,-0.021307938234426897,0.24123112988612835,0.0033186935113677907,0.0,-0.030265201050711236
8yv45yg18w6cujbgt9265905w,0.0,-0.050891387906642174,0.009188245631491725,0.0,0.00871757981637206,0.0,0.0,-0.032985562458778386
447abno2j0ux8fsxzs6fel7th,-0.03269318194483081,-0.37653536242369,0.47321171046967286,-1.016295400596171,0.8825613712046552,0.036147950088470486,0.0,-0.033602913201893354
5qtvvfzhprrxgy206t5hbsnpw,-0.022759927034256302,-0.03173579179503406,0.014279637485718748,0.0,0.006423761085973511,0.0,0.0,-0.033792320257598096
6ta1z3xjdmq81gwglcm9ghno4,0.0,-0.029766732852339675,-0.011950398721506736,0.0,0.007484562837579491,0.0,0.0,-0.03423256873626692
uru1h5pzgwy9cvbele1piei,0.0,-0.051631432459822685,-0.0005217086177484772,0.0,0.017114622534464486,0.0,0.0,-0.035038518543106675
d4klz2gxqb1diw57z8c9ttixg,0.004497272962451513,-0.09768467547420144,0.07171504440917698,-0.26460354931031776,0.23410000691864027,0.015583328751756038,0.0,-0.03639257174249437
c9epkro6fot3km9zak1kswfhm,-0.002639900827504492,-0.3687279958792983,0.6024441724307079,-0.6603744196310414,0.3395733873745555,0.05108314091148774,0.0,-0.03864161562109298
duuaefhzmbqoj4eo44kgbr6s4,0.0,-0.04268465123183223,-0.003074710595358195,0.004221169874986722,0.0,0.0019061381962827396,0.0,-0.039632053755920965
c7n2b2gq381k0o0jizqueii5m,-0.10131613097768985,-0.1670011546882291,-0.026898164229603828,0.037655407921339194,0.22456587409666115,-0.00868487394772246,0.0,-0.04167904182524489
4lsj3yc6adimhltkab6tzfj84,-0.005469903278803854,-0.060794557732197115,0.01899493908622762,-0.00535396323884188,0.01025878879615615,0.0,0.0,-0.042364696367459084
c0os20ujhb2hujvtp21093l04,-0.5866394393479181,-1.146765971287614,0.34038303243868423,1.0263431738037299,0.19903123285161747,0.12397692669842234,0.0,-0.043671044843078155
2wkew38juoofry6oo3t1vcwyd,-0.0018014889319060588,-0.24346440524194438,0.47543375183738007,-0.4525105841358683,0.326022623841667,-0.14968506093466893,0.0,-0.046005163565340595
2tox45zgi16bvmn2xzdlvblsk,0.0,-0.09271155024238664,-0.017860228115334352,0.0,0.05849495148497864,0.005252817480546968,0.0,-0.046824009392195394
csecbdlw3sxstnebpiw91ezxm,-0.020225443855586625,-0.037818211051665905,0.008058627657004876,0.0,0.0,0.0,0.0,-0.04998502725024766
afww998w4zov3quy71r4jn3kl,0.0019609756317760683,-0.07445123094869567,0.004152748472319896,0.0,0.011165151252624302,0.0,0.0,-0.057172355591975414
f5pgdha5h37xytbk1zq8q710,-0.015243938146238407,-0.21022935381657445,-0.18100604391146785,-0.05986098568348093,0.564352341595642,-0.15683597225864207,0.0,-0.05882395222076173
4sunqn5rh61b4lmywcei3d17u,0.0,-0.13443636860923966,0.030672486644547366,0.003479511360063286,0.005562343493641507,0.03447331379918127,0.0,-0.06024871331180624
7a1f6wedz8jtcvn58d5pomm8k,0.0,-0.020327248933329718,0.002637230297584204,-0.05815064970767858,0.010094011645168098,0.0013827259722116376,0.0,-0.06436393072604436
cdlnfuy9piyga0wud4nrucvtg,-0.014171054702729691,-0.09862454726876381,0.028418501966768598,0.0,0.017363762281711874,0.0,0.0,-0.06701333772301304
crpn5oc0jw2cms9jv9c2e7zmc,0.0,-0.08112984467428307,0.010118777271571408,0.0,0.0,0.0,0.0,-0.07101106740271165
cowh2h7fw3pcykf3v1awg4opg,0.0,-0.11021801192142776,0.038457673312803795,0.0,0.0,0.0,0.0,-0.07176033860862396
f593mnttzie8gicqlig2zvzvu,-0.17429078838228063,-0.14756314021852546,0.18316380781489702,0.013273506563934737,0.006613358523947423,0.04269796909682541,0.0,-0.07610528660120147
dxmulnxbs11kpi1goq5hl9cve,-0.049862472905645376,-0.46613450639019716,0.11063094371723832,0.03528382486709142,0.3117025408093866,-0.018445780483083714,0.0,-0.07682545038520994
3dqdh4nu8tj264e1w3fec3bsa,-0.019933273259824046,-0.16471649355621318,0.07022393139766446,0.012803784952044574,0.020216721546916172,0.0,0.0,-0.08140532891941202
3r6elcuru7no13hrfczmwbmy1,-0.12113689885371406,0.19251262403474004,0.09553049200138342,-0.770873538084971,0.5937085036264775,-0.07210242691154312,0.0,-0.08236124418762725
2k8bmlxzt0qi7divtxye0a5ii,0.0,-0.11172076578783398,0.011661435125865368,0.0,0.015459167365942345,0.0,0.0,-0.08460016329602627
10k3fz1ibikbugv4c45ewy87o,-0.028340230443233028,-0.09398975824158552,-0.025905057470148343,0.003479511360063286,0.0577219856485737,0.0021217594693963963,0.0,-0.08491178967693351
64x38pccgfsuz4ywoveh2ksbu,-0.018372367919642658,-0.41080168856269034,0.45274527186819413,-0.6774461535554456,0.6011321372728526,-0.033919922075279725,0.0,-0.0866627229720115
2t8l6omztxur8rgk1kzkl7thw,0.0029374186411275406,-0.08748139190731694,0.005250300550105309,0.0,0.0034908280568649863,-0.01240154535687932,0.0,-0.08820439001609842
f3saw9c9wzs4qda0rtkv9gidw,0.0,-0.09097663837381362,0.0593082518693452,-0.16575887176305576,0.1119150619433174,-0.003937063708886735,0.0,-0.08944926003309349
3ypxn1nvgv8e321sq5394w3my,-0.01932585443407358,-0.5845343739978691,0.36660594487898424,-0.6842104454631229,0.766738816178296,0.06209049087976234,0.0,-0.09263542195802302
22alh32lu88yabxd4pl0opg5w,-0.037367259043667694,-0.3703823469484257,0.01422093541771797,0.07149504999471668,0.2730698302187802,-0.044512833357733414,0.0,-0.09347662371861203
ewbakrn2dqmy062scjnz0pecp,-0.09802441988437598,-0.1707553540485958,0.11404079208026965,0.011547961753626226,0.021108075659414395,0.02713010880722976,0.0,-0.09495283563243172
b2a5syitl1nb5ky04j7pdq09h,-0.007977950197462055,-0.07873764855192734,-0.04404803122444772,-0.004170406541771688,0.044469993343653785,-0.004824644864339837,0.0,-0.09528868803629487
5dbx86ca2t7dae8b3t69atii1,0.0,-0.25985940071065033,0.06869355358954471,0.06181872839734442,0.01680631370220647,0.011949455876715377,0.0,-0.10059134914483935
4fcmk1x7n95o7owons6mc5a1g,0.0,0.010975692390989484,-0.09667303473668493,-0.15318893564118147,0.21884183306433072,-0.08066956949099616,0.0,-0.10071401441354233
drutqywn51qzby01rhveqk1ec,-0.09572143284583423,-0.009597349934686151,0.06939102579765984,-0.09383921942057806,0.02478292856504704,0.0030607644254730987,0.0,-0.10192328341291845
c3j7m8kaoius8i6jihubgy6p6,-0.35466744068185674,-1.2912474471556323,0.8236296909047963,0.47738327092957544,0.16454905299821557,0.07830061100659289,0.0,-0.10205226199830897
4mhahoh3a6rir882ug9hdb5nu,0.0,-0.06249496952562329,-0.2655048543775871,0.0,0.20913068518813746,0.015918606448333386,0.0,-0.10295053226673952
4ueed4kbdae5xugt9ajz6dw5w,0.0,-0.15983620410208746,0.046350999892938914,0.0,0.00522425998691106,0.0018716153220991745,0.0,-0.1063893289001383
70tsvrcmklvp4ecdhxlugf8ix,-0.06958519828370376,-0.29823485329147387,-0.029356107910301906,-0.4019099013067171,0.5932356801739993,0.09802138330064918,0.0,-0.1078289973175481
2fbolmn7pyvn5oto4zoeqguwa,-0.012489567315236642,-0.4044088125129164,-0.02441659409455332,0.010619741233871893,0.4600765462498896,-0.13805516675112833,0.0,-0.10867385319007322
a2psnkhu3h7m0ng8e7qdietey,-0.10391671875281301,-0.8763747549192583,0.5696236691189901,0.11216351696820301,0.19089627138263124,-0.0019028500514736237,0.0,-0.10951086625372063
ax1f2gncrjm3q6wixxdr4chzo,0.0,-0.33312096436345223,0.35681330250744003,-0.1441358278511124,0.0,0.010903098342702845,0.0,-0.10954039136442176
90mmprle9n2xf8mo04rtg4u8k,-0.08969753192014668,-0.020435299830792324,0.051922008538223506,-0.05178769634313557,0.0,0.0,0.0,-0.10999851955585108
8ledzu9tb7knxqbj7izpk6b6c,-0.027942757496441373,-0.15641503103216564,0.020180752699350383,0.029780006826230002,0.024184589290763295,-0.002345134095546889,0.0,-0.11255757380781023
9jegiw70bxyxvb9umtyqbazo4,0.0,-0.047714839374267216,0.03248250096783058,-0.10253316073679114,0.0030862058579651363,0.0,0.0,-0.11467929328526265
8kqetcv52r962hqpw7uaysljo,0.0721011787123296,-0.3053442777016493,0.22248409416502327,-0.11952363331070517,0.01152427830878192,0.003379503555416494,0.0,-0.11537885627080319
b33sm106xc7g3h4bcqtawja7e,0.0031539482995282028,-0.2507526229320788,0.14400414298527894,-0.16518941526629624,0.1456948693059595,-0.0008355525880488372,0.0,-0.1239246301956572
6zzcoo9k4ebqtlux49rbb5fro,-0.018163220218587857,-0.05585145349542785,0.0550805073586572,-0.15239888382867983,0.0471986266506166,0.0,0.0,-0.12413442353342172
5lad0u653zzdmexdpvtkcaqui,-0.18858721856174965,-0.4677279183071016,0.22520322208219426,0.2353247197302799,0.057598537962251936,0.013399679266103907,0.0,-0.12478897782802123
bgzvhtk50gvmq6noheadmc34l,-0.10921531687211106,-0.7704150453167733,0.2855837966231483,-0.2360467104412442,0.6996053784686646,0.004857265777517041,0.0,-0.12563063176079875
qx44xpf889ysyh0yh20uketw,-0.13049987899120885,-0.31670397478358403,0.017279478521943448,0.262653935015012,0.0364015812708897,0.0007760690200200316,0.0,-0.1300927899469277
7qwmlcxsxlxmq01g7dkt7v14a,-0.15194243683497347,-0.6605742813476003,-0.04243786908229837,0.07524029971893162,0.6606417029749317,-0.01144753728386441,0.0,-0.1305201218548732
2922aevmtpw4qvcwohmxmqtbd,-0.08491715941325959,-0.14030642802563215,0.006307975370353549,-0.005981486841559323,0.09951794263333757,-0.005657670811006364,0.0,-0.13103682708776632
a02jtmvlc1tlstvt96pa1hisq,-0.046001324713130565,-0.29759829138906124,0.08635432422891802,0.047850298759979065,0.0647686202680961,0.011550502656934431,0.0,-0.13307587018826417
dbg4ducw8j747foxiexle1iad,-0.08234311580907942,-1.0006784058251101,0.23927522910060292,0.22571603759318148,0.4447630372784271,0.03672964047019445,0.0,-0.13653757719178367
9lixevzo8exxiia17altfw8ic,-0.025966250807746512,-0.18655477950629973,-0.7320957503480582,0.02635587379335147,0.9310642858068181,-0.14997774858223817,0.0,-0.137174369644173
do5gstk4ks97daehnudehyjxm,-0.08147873229681224,-1.0984397376894972,0.24729679480558295,0.11094240790520592,0.5578844632003099,0.11015727359228289,0.0,-0.15363753048292772
ucqemxwd5n13up4t16o6qot0,-0.00597202092417466,-0.28033183297486325,0.041268850119849515,0.07668897868135731,0.05587656460396679,-0.04557266977007093,0.0,-0.15804213026393524
3gczyjwrkpu7ht35di1g09s0k,-0.04494057248500602,-0.1218704427322749,0.011882389215045867,-0.03567187773574996,0.02715524248994175,0.0013143429885844405,0.0,-0.16213091825945883
9229789015kq0j5c85ug3ajv8,-0.013662500720946566,-0.4446497420348536,0.02677450504392194,0.11068340541487864,0.14830600971398056,0.010205246406332798,0.0,-0.1623430761766862
es363spp9pgd4hralx6ni2xw4,-0.1372224041784086,-0.6189284298334632,0.1214256037193494,0.07336546854898561,0.42005717783994173,-0.021091797169241,0.0,-0.16239438107283602
89plvrt8pzppcclh4axvii0ru,-0.1466603717267783,-0.44923258888998663,0.07562231043835475,0.11654466931080942,0.19232939010700745,0.04661033776684134,0.0,-0.1647862529937519
5shfqpd5fj05qrp1jlzd08ftg,-0.05255560872218375,-0.28214647445063556,-0.03320639538270279,0.014319071899561282,0.18750038438534228,0.0012561968158829539,0.0,-0.1648328254547356
2f8lk6lxav7hl7xlqt9an18x6,0.0002846633333903415,-0.2870555675409991,0.14622848907102462,-0.23915407874036362,0.21223098561488937,-0.001224495923533071,0.0,-0.16869000418559146
9bbu1yne0l9j862yodiuldw4p,-0.011616693265404496,-0.17139337621675563,-0.007262256383569678,-0.010757667769933872,0.026981218252971194,-0.0001544795442086557,0.0,-0.1742032549269011
1ab5am767rpppcrwnlfjo0mad,-0.040367736121162935,-0.2290624079404725,0.07930396576309777,-0.004916694778228786,0.011725309441075353,0.0061398731852913705,0.0,-0.17717769045039972
8jm8a7w3a5b5nzikcom7cvf2s,0.009157026863171634,0.028149448878068146,0.0733796715480591,-1.0940818027079922,0.8120877741078022,-0.005997231703244651,0.0,-0.17730511301413568
5qvkwsnygz3zekwsdd1r994wk,-0.04483934089662965,-0.332830848637416,0.18717828048725044,-0.09817786265576076,0.055217574882162446,0.05482957555260025,0.0,-0.17862262126779332
cgsmk5437f466uoqvol7devze,-0.04286495107670364,-0.10176793124730149,0.08267888624996739,-0.9198003953247986,0.7834425568607821,0.013806172899584416,0.0,-0.18450566163846982
dafbvyorudvujxw7zswicykmh,-0.13553123397124656,-0.5658144771183803,0.10866966453369788,0.2566107679892039,0.3293938252869763,-0.17790316053999064,0.0,-0.1845746138197394
2wesmq2wuhnuwh2yhgkuaxqfo,0.0010020349967748655,0.09971419687594256,0.02343505180805227,-0.6772338216170589,0.25871928553545925,0.10657105244848418,0.0,-0.1877921999523458
4bkb8qjb5n33wxfopju8r1mtx,-0.07192847129985272,-0.8710139549021924,1.1472404981655437,-1.4713739077238455,1.173867074993366,-0.09527006674313011,0.0,-0.18847882751011102
8624hqd4nlbzcoqsetvsvla8k,-0.08443843587036182,-0.6166437700882076,-0.1967141313108498,-0.018784514126702012,0.6880894201817372,0.03699016131138302,0.0,-0.19150126990300095
d5wx8rvjfaw1arn69fdd64d90,-0.02603298730900944,-0.25983630256663576,0.029291570597228363,-0.03330357276363871,0.08562935201210473,0.010898641046032468,0.0,-0.19335329898391834
cstlool8c2aoty5vhx77t4q38,-0.20661606699916832,-0.5061690719938037,0.17933846416420646,0.19263706088485247,0.16447718444676798,-0.01990784933638769,0.0,-0.1962402788335329
bjr31p4bny8vtlm8dc237boyc,-0.11744251418941487,-0.17267707153101608,0.05599352160791583,-0.018255307070285155,0.05667392526266178,-0.0009177338864061759,0.0,-0.19662517980654468
6km3r9cspyz7g6343o9mri63u,-0.30496306714575877,-0.7486385941962004,0.3783676481603215,0.3951479955452092,0.0690222935573037,0.010197821123898844,0.0,-0.20086590295522594
9d4lofwg9ooaoldw2vpt4h36y,-0.03525139350250296,-0.7265618579604821,0.21440729240326495,-0.09100267290651518,0.39801633492304095,0.039340089874434415,0.0,-0.20105220716875996
6fdwd71dx2qu7uzzs3ozm9x7u,0.013795063215564599,-1.0441126294554044,0.9526404917657505,-0.9198350027606985,0.9189900752898325,-0.130090178873984,0.0,-0.2086121808189394
2zwe056wfzof0v5jv01dv9uc5,-0.7609282660590446,-1.0222314527650784,0.5589210697650498,0.6783869434525246,0.31222196388707735,0.02332044362850528,0.0,-0.2103092980909661
3xlkchrk28u0cb620cajre1hw,0.0,-0.19101949846317012,-0.0033773177000164844,-0.5832071335216601,0.5633215492520153,0.0033224108159029863,0.0,-0.21095998961692844
4phgw75cred5p93hjq8hiou6t,-0.1940230722153549,-0.9146892031156093,0.044197937728948034,-0.006883294058094538,0.9332859038739642,-0.07311199889217825,0.0,-0.21122372667832467
ck3l6a262hves3v6nywarx9pm,-0.011776455332979479,-0.4140697717267505,-0.09272488477716138,-0.5545334118897953,1.120512429752419,-0.26185294933866127,0.0,-0.21444504331292907
7y0acvcg9km8dz51t5ndy23md,-0.12052818563658786,-0.9898920964923228,1.0846774961098953,-0.6776402736833205,0.32567310317300796,0.16274523028610138,0.0,-0.2149647262432265
969cpy2geokwer9gjapk7zj3e,-0.097254105903882,-0.28751034343476517,0.7180635989642024,-1.4064614428860713,0.919891221711646,-0.06185802765287687,0.0,-0.2151290992017472
1pezvbb0n8z7hu5063jysg2s4,-0.7593643883151541,-1.23031319079647,0.9984535888336874,0.5588189209884487,0.2221793161444019,-0.006537553244536051,0.0,-0.21676330638962202
2teefpvijsbzag4yi7fm1pyol,-0.03274581541760406,-0.334741086354023,-0.052459711887065434,-0.06198913995993685,0.3218071401746453,-0.05804992873354306,0.0,-0.21817854217752716
3c4l2e3gzgpqrc2ygkbmp0jpx,-0.33333170887866864,-0.24876102267125047,0.22449026296704253,0.07734059863283752,0.06578390023178873,-0.008531358320558199,0.0,-0.22300932803880857
e9l5r0txzrjbenli05rn3k4wl,-0.23331361436836595,-0.4394585038424338,0.25805294333254786,0.1333239154446292,0.050558130868091765,0.007283811383445118,0.0,-0.22355331718208576
6lyedmu2vuf7jig3jmhz9b4ve,-0.12454487047123086,-0.6366380971820349,0.03419000620706404,0.0011557854483679048,0.48439545572337595,0.003789993210269351,0.0,-0.23765172706418852
7wjzrrcy3fp8nq6dlanfxvqhh,0.0,-0.2118365132657938,-0.014234321847827299,-0.10485506857088159,0.09852989312951628,-0.012203683386399265,0.0,-0.2445996939413857
619vlbweueymdkq1vu3jm2mwa,-0.35107009466354633,-0.5936621498909893,0.7310130037315975,-0.2881004039998639,0.2477590188723493,-0.00027673800062268626,0.0,-0.2543373639510754
50130ztne7nsfs9fxf0am6vv9,-0.048106198999332925,-0.26938509249431974,0.1425006596934752,-0.2624562569531226,0.17389598199858647,0.007507268467245358,0.0,-0.25604363828746823
ait187bpr8we72jvfxxt6ttjp,-0.04038406833357433,-0.4354848885037482,0.37459406537129536,-0.4398277999580297,0.4752863185777134,-0.19137352028252846,0.0,-0.2571898931288719
dp0q4f4gbj2buhcu1lb5dzxed,-0.155351280415343,-0.7372517299453611,-0.03352159628457688,-0.0023538414122217972,0.6644114466856824,0.00627624009627946,0.0,-0.2577907612755409
49xsd6e4oyjrhtwsdbdm4rj84,-0.09278439319706729,-0.9759222441810097,0.13459196958317957,0.2821117743990144,0.4914087523480176,-0.09815420902254485,0.0,-0.25874835007041025
c6i4usq34m3389rtbqptahrai,-0.035018019736041586,-0.912163559469062,-0.0027399678920419996,-0.17523336394843486,0.8697471123243496,-0.010543664465221191,0.0,-0.2659514631864521
1xwmx2ydxa5zeqo12778h83ro,-0.0525074190435892,-0.5173515946390784,0.07885050092689594,0.02021087181860822,0.19356269007311627,0.01058009368483936,0.0,-0.2666548571792079
badyafxn00m21tzbdff95o4k4,-0.0033251139110615866,-0.38907042380562845,-0.06857010064694172,2.6678154114272157e-06,0.2025087779179655,-0.008912465149720071,0.0,-0.2673666577799749
6bklt91zc5vietmdc8r31zl2i,-0.07099398023241837,-0.6780275802273207,0.19778976435451137,-0.05649896043729349,0.33083022633959636,0.005081537093039518,0.0,-0.27181899310988533
2nwthqvbk70e2qo35dgp35979,-0.06711328561946238,-1.8012201183872214,0.8440403333216754,0.5145254354065962,0.23851562488726513,-0.009251151545729416,0.0,-0.28050316193687624
aklhi0hr28nidjlkw1sokp785,-0.03142519238212633,-0.24560876568469467,-0.06886898739824517,-0.036757625801521844,0.1179184866676895,-0.02142371252334032,0.0,-0.28616579712223883
bdb33nwcpd2jufn9ggtl7gvzd,-0.014038487982368678,-0.7866237098821897,0.2626315092164789,-0.0040814899287272555,0.4235448838457917,-0.16998851969260093,0.0,-0.28855581442361594
30oqkmhal9o3ktfnt06u17spg,-0.25939248457483727,-0.4957848902381869,0.21514240980802216,0.11584280621804578,0.15943202699919518,-0.02846767060918393,0.0,-0.293227802396945
69gzswoym4jqnrag1wdqfdkyy,-0.05332872856833197,-0.5585100385251603,0.04169046657075197,0.006878814596876906,0.24087773759446343,0.028285722020047584,0.0,-0.29410602631135246
37c696bwovmn1x8lc8z4wp53o,-0.2834055533610617,-0.34202829547628216,0.17329314867284767,-0.44225746661954507,0.6593887473484443,-0.06247119907072011,0.0,-0.2974806185063171
80dk8iv6p0202z10qcqy8bfca,-0.013889766958745407,-0.34573185311924465,0.5157282399838945,-0.916675658756627,0.46279590224814554,-0.008195270507230238,0.0,-0.30596840710980727
2fadtqb0v2zreactvdosbxy50,-0.2017947833757898,-0.4390176831420122,0.1451940233545499,0.11007933528765239,0.07460269078922024,0.004251690937484077,0.0,-0.30668472614889536
2bfbi3t4aufb47wwt56ilzoyc,-0.10807176411810764,-0.6285690307466971,0.32130696881153786,0.0391967314999379,0.05196320037132457,0.01356732598068363,0.0,-0.31060656820132077
dej8tywq0npvbm25sfgtqur1m,-0.2122499873023246,-0.8999288453459394,0.301355651682237,0.28247611858125443,0.21119992358985426,0.0023817158444857274,0.0,-0.3147654229504326
6eg8vaxpqsd6cyh736h7bq4x6,-0.31561081789937206,-0.24268642695582132,0.09283300739459399,0.10289126577339502,0.03133391186690025,0.001303651105899872,0.0,-0.32993540871440424
6p6sdikmka45csxfw0i0q0l3p,-0.08984320258223241,-0.5633092038448323,0.16080670213849205,0.09518766754194075,0.05565696838304481,0.011285185627698232,0.0,-0.3302158827358889
2vfhae70oyyzm0qttlckworqi,-0.0037994853022674246,-0.860295286324214,0.22157835287726846,-0.26648571544096544,0.5335080976381364,0.043744270105713794,0.0,-0.33174976644632825
6ok4k757utbtswx5618xffsru,-0.27010881902241435,-1.4919815156474894,0.5380555769853917,-0.3479184886216792,0.9081519803614072,0.32261192457138316,0.0,-0.3411893413734008
6w59kdfilru1152bjutstu2fp,-0.005072151262653636,-0.3892911205706754,0.0018336630021405127,0.0,0.050073421385411834,8.989410584161269e-05,0.0,-0.3423662933399351
f57vs3qmmob743hdk2dxf56cq,-0.1104631731831878,-0.7451142748052979,-0.24069944138531216,-0.01598741385977442,0.7269156811064346,0.020512592461742984,0.0,-0.36483602966539463
6svx5u21jrcch3ewpqqbxukmh,-0.13230384943282064,-1.0104452053256932,0.2936685290933227,0.16937169120893425,0.2722352115435622,0.03191195026392076,0.0,-0.37556167264877377
200chcevwu3znwew6xjyaof6d,0.0007002851621110816,-0.195590403415393,0.24256603891297387,-0.6899484801703686,0.23416148986763452,0.022829016584099575,0.0,-0.38528205305894253
6feheukom1kdo8w1hwrztpvro,-0.023761937140014112,-0.49878074026145974,0.09700271901281894,0.007744810526831302,0.049420091492765314,-0.024919143866679774,0.0,-0.3932942002357381
b94d67jluhh4076wp2se5fqsq,-0.16698493160860098,-0.9819267293683975,0.26150692530585506,0.1106447087861745,0.3483714011308821,0.010691116894007952,0.0,-0.41769750886007884
cyn9r9vb8vea1gkyqzwruck4,-0.195534040763552,-0.6185110024926826,0.07781815638899334,0.20433390709591395,0.08150603252398374,0.01870399046771644,0.0,-0.43168295677962715
1xsy3m0bzicto5ogxsd026bmy,-0.0646759647716407,-0.9869150559721575,0.30747194750532697,0.037637496491406686,0.19270716315451417,0.04785808799907885,0.0,-0.4659163255934715
8r3k1iuul274c0ha0vy90jys,-0.5499457978766703,-1.2542736280200804,0.47066980546318576,0.6365822675275213,0.2275522153590478,-0.008008805666416444,0.0,-0.47742394321341214
bzsoq42nf6sgdh9oe64n7rnfu,-0.24799209220133328,-0.7146759559996325,0.2842955576773287,0.06248801948758771,0.1152002525407725,0.022764176415031052,0.0,-0.47792004208024574
eyzcfyn1crjcgmm98uk9u8oyy,-0.24691751704407205,-1.029166179404546,0.26604194853281266,-0.0539782655245231,0.6415109586538861,-0.06055318333622782,0.0,-0.48306223812267013
bnkzwpd607re6s01oa77wcodm,-0.11345915196761554,-1.0915163793853526,-0.09173917044095689,-0.047691970438505725,0.9481686968663486,-0.0895801483380196,0.0,-0.48581812370410177
ealh7n21gctxxw5ol3l3yxzze,-0.3843893787640362,-1.0557265744909816,0.1450661741744171,-0.01179502587827912,1.1205206761499675,-0.3149010247920298,0.0,-0.5012251536009422
3aly8eihwfvtwde7dg0k18w7o,-0.6376271807792055,-1.5813692338082466,0.4124680783207571,0.6931704271841875,0.5882117092087064,0.015997975750718933,0.0,-0.5091482241230824
eamuyjut271ytghb2q4ljqbpx,0.0,-0.00475990373476236,-0.013810125068991997,0.0,0.0038661904292347413,0.0,-0.5142224449082278,-0.5289262832827474
wuh8s4gfo9ro3nel3rormg44,-0.6823396419481558,-0.5711118627841062,0.08765359103736989,0.21324961261850556,0.37829186666421394,0.029906101485009863,0.0,-0.5443503329271627
a46irqckxabod18j2c0qfixre,-0.08736305380910335,-0.7438403436464011,0.3330265110346052,-0.192351971682349,0.11963289116535666,0.007656201541180689,0.0,-0.5632397653967108
987w8p2dsxd9tm1phv18g6pec,-0.13208777527073448,-0.9358727483110386,0.44200402366749425,-0.04027843557254177,0.10440242405892983,-0.0015519097071871983,0.0,-0.5633844211350779
ecqjg6wtntf1guejvm10redck,-0.1283910379379721,-1.1220269397053033,0.39017577120896535,0.10485116686158891,0.2918522586928449,-0.10098669545012821,0.0,-0.5645254763300044
8nnxi9lw3hso096kk81h0azh0,-0.8020018481828111,-1.081460610656348,0.5601065195121268,0.42626126976499357,0.27591303061711003,0.055629879155909175,0.0,-0.5655517597890196
f4liap69r76gyc8pnxsergbqi,-0.030798752067497104,-1.4764276242235772,0.5715473059500947,-0.3726278029953381,0.7079054884608338,0.017121447045242707,0.0,-0.5832799378302412
ds0hd4ezvb5rw6l95rhbxtq1g,-1.3508983808596744,-2.2350379590486984,1.0130979014785426,1.5483099115064134,0.4499480434756244,-0.026436584473052773,0.0,-0.6010170679208451
891zjrm0zjc2e3ebjx11p2y38,-0.2696214507140646,-0.8228793492452754,0.21224488546366746,0.07917668236138112,0.2280634169022994,-0.038668357368414945,0.0,-0.6116841726004069
avyhrrfkeizd3za28ni67x82c,-0.10920503599809978,-0.8115144773162101,-0.06532862914767947,0.052738028277460144,0.29386315496724996,0.0021286661931681095,0.0,-0.637318293024111
412l28fqhx21ivpcxzn1kpilm,-0.3481300628978516,-1.642841663302663,0.4561701371876289,-0.3049720704516171,1.314809899172622,-0.12080885460014286,0.0,-0.645772614892024
2by23cpjtr9tsw1m4ak1w73oq,0.0,-1.2672051044902146,-0.1642514214519601,0.0,0.14153622638984592,-0.09153490845056922,0.7316552870790476,-0.6497999209238505
dse071e8zbzm8l37m64g6e1p0,-0.6110217773606933,-2.0497789627436296,0.45713641633036173,0.05355247872747795,1.420598051175735,0.05398972002623756,0.0,-0.6755240738445107
3dx91sb6ktg8z1xmoti25kru,-0.15828712333945352,-2.485361925382389,0.599268531837764,0.35729879111752816,0.9290811985431174,0.07160684349702745,0.0,-0.6863936837264055
9tp35qqu1heburu0g5wa6jv56,-0.280026843548833,-1.3257881482381624,-0.26194096569127195,0.36284068241887973,0.9443285688394457,-0.13716653489815284,0.0,-0.6977532411180947
8oetnmi8kejwwy37rhlelw2ne,-0.29976900813628343,-1.0828206959262252,0.12877353038951445,0.12391629202839202,0.4849318419950734,-0.058182345298272126,0.0,-0.7031503849478009
1asrguqxyo7rmoyamggwd9oq2,-0.05831807873756446,-0.7719266740925509,0.5004974634428174,-1.1169697991993481,0.9468608590196468,-0.21353779930460012,0.0,-0.7133940288715994
6ab5gq2owk86qs5zjottfhwmi,-0.028024726645147376,-1.3756642090429405,0.7156907998609239,-1.3172238150670346,1.1790256921738296,0.10232848584660281,0.0,-0.7238677728737662
a3m4r77behilkcznll07b7d1x,-0.07850397280103186,-1.9330255588198106,0.154581045672711,0.7219438904900427,0.4399023545859648,-0.03495952467478659,0.0,-0.7300617655469103
28rtnolu3a2au3on0jtwzhu6s,-0.32243978181281663,-0.9012030594425692,0.10603107333710406,-0.19255639350683623,0.5808738538130334,-0.011699525013643615,0.0,-0.7409938326257279
6q72mpmc478hlf4f7ths9ez56,0.0,-0.01779830861513592,0.00046343038175844595,0.0,0.0038661904292347413,0.0,-0.736936331668403,-0.7504050194725458
b157xbo2jovsxkgr3wie3rip6,-0.33082459806281733,-1.109744114240719,0.502284415126239,-0.1162005008960266,0.2709201727409885,0.03077020672323314,0.0,-0.7527944186091022
8z4wdv767cv7ddqgrkz5txsrt,-0.11923997962125098,-2.1181315139273322,1.346620085860145,-0.5232785379236615,0.756822065603298,-0.10078348563795211,0.0,-0.7579913656467541
ar7llmzju08n8yrqu8xm1thck,-0.2601875446557759,-1.0616957488897367,0.42281839625006773,-0.6236706048904166,0.8974537726512926,-0.16310553801497374,0.0,-0.7883872675495427
1rmox6tf7r283dca2vi844kr8,-0.10115232124290742,-1.20687999268947,0.03870412387460505,0.017696023195435298,0.4552198994557305,-0.06360945274733595,0.0,-0.8600217201539426
vrkanoideipif70wo4adb5lg,0.0,-0.13790227014510723,-0.014625794489394628,0.0,0.007195743169626439,0.0,-0.7161416608514264,-0.8614739823163018
1k60tee702idfrp0ibca1s57u,-0.33681891173104606,-1.8820219720255489,-0.11842893800661854,0.3526967324989909,0.9900921731632291,0.12816822474473388,0.0,-0.8663126913562597
b0me6l44boibnwpbtasxoy02x,-0.6202172774231779,-1.0035323074515938,0.12015940749931492,0.23030837223007064,0.4787461258671422,-0.08832638422993837,0.0,-0.8828620635081824
bmqg7owjivu1f3grdigkid0b9,0.0,-0.4299813288330727,0.05791594058744673,0.0,0.0050587088953750765,-0.03783854510255354,-0.4833790550555568,-0.8882242795083612
7wrulbqqdeecd5vegsbb1905w,-1.7224950942277325e-05,-1.2377313427370231,0.2778774924673836,0.9928042568303735,0.059432356335912144,-0.15086479002685882,-0.8935130584822035,-0.9520123105633584
4ezldqmn62ggasx6pniqbfwno,-0.5349975848275275,-1.2106571418208794,0.2935135868935562,0.15985690867868113,0.31392151704184396,-0.03864444039235322,0.0,-1.0170071544266786
qobf1v5kwuz6hj2ooixfw4mi,-0.2554534722519637,-1.7426773204186332,-0.2522104616306621,0.11697303801820703,1.0797879584494452,-0.028478716431133536,0.0,-1.0820589742647402
5r47vtvu418kae5j2rpv6w2dw,-1.1914237991792724,-2.191649243894271,0.6936743156982718,0.632952612417534,0.9611194602219613,-0.016634330770499594,0.0,-1.1119609855062762
etvamcwttnlg4sfxfulgzm7yt,0.0,-0.03193898362030171,-0.0014690639720254227,0.0,0.0,0.0,-1.142254708771361,-1.175662756363688
cdhqb1a4h246hu0u13pm0tqay,-0.331162343024539,-1.673916299282632,0.6631322626351283,-0.5680056489858577,0.7206111576345187,-0.02732890357611225,0.0,-1.216669774599494
bn8dwm2y9a8i9a10rba3dmm3u,-0.05059458117726469,-1.7312654508826806,0.2726168151573744,-0.22269298396761184,0.4410365474968214,0.01856672094030724,0.0,-1.2723329324330541
cetavjue5femoxid9fmcd0zjd,0.0,-0.13498005519568604,0.01801526904992842,0.0,0.0,-0.11844416802661323,-1.096600301018916,-1.332009255191287
dwyl0yii553i57u7azfa7d15g,-1.8390071936139465,-3.1060031871442693,1.414693509249146,1.53989228618575,0.5507618665527956,0.009466368811677096,0.0,-1.4301963499588475
axhjtqfa2xxud2tdle8zfxrkl,0.0,-0.22002614876237703,-0.01598290830055786,0.0,0.0776661952030465,-0.11844416802661323,-1.1670422383758705,-1.4438292682623721
1mroid71v9bwpx0iaospei9gq,-0.586277862498785,-1.6485956514976265,0.5951182206865139,0.009955486853192759,0.14805977174131976,0.024448193179757233,0.0,-1.457291841535628
790v7fu7f2s40e160mlrb6dt6,0.0,-0.07944234746857465,-0.02344735378734605,0.0,0.01156635236418595,0.0009363108826082418,-1.367094447632553,-1.4574814856416796
60jptu288hf6gcljkbzcdie39,-0.9154255697263832,-2.5593752715724514,0.867716394399178,0.8964673790509846,0.24845527622888625,-0.035473056490705174,0.0,-1.4976348481104909
awih1xkabe5o6afn6d85ilxw5,0.0,-0.19906963754806087,0.03244143101358083,0.0,0.02348013243296125,-0.044298986508402076,-1.5150992181734182,-1.702546278783339
c1krps0yssh477m8umrruiqjt,0.0,-0.2785541113049946,0.0021488851295527233,0.0,0.03670162886912976,0.0,-1.6492128352401778,-1.8889164325464898
4u12cln8rmtkwlu5q36ypjl2i,0.0,-0.052947167676944844,-0.004211690386116935,0.0,0.0,-0.026909259576044002,-1.8094053877866827,-1.8934735054257885
5g0q7azk54eryl8vcgyb2oj4l,0.0,-0.10358664826042147,0.020266002540044757,0.0,0.0037428914435212227,0.0,-1.8530396707146428,-1.9326174249914982
7wo4627xo1mx5k0vpwhe8hqll,0.0012108120686522466,-0.8924391826023738,-0.043420175111246795,0.0,0.12615543680379548,-0.5274749273288716,-1.6961116260080598,-3.032079662178104
a40zl71xh862o3qqxy89mp8q2,-0.00025065115548991365,-1.626073818303239,0.09977895055998318,0.9928042568303735,0.05496109581813349,-0.32495831989987234,-2.5853502147609833,-3.3890887009110946
11ceernyer8po8soj8dmygatx,-0.0032340875971350594,-0.9260609733198,0.015872391777830647,0.0,0.10238531581016863,-1.151964890799975,-2.2599324751889798,-4.222934719317891
68hoounwudpjrr2wmovkyvswk,0.0,-1.7443094441867504,0.1870771078374727,0.0,0.0702833264223702,-0.30934518761396335,-3.0519101607368793,-4.84820435827775
cs4aca71qkt1ru20ppmi6djl6,-0.000742711334592052,-0.9533439407797031,0.11026384382731214,0.0,0.1267080527573663,-0.28022734170602703,-4.365070500822039,-5.3624125980576824
2uw0batubkzwe3gcexxwa22cq,0.0,-0.517629725077369,0.030170868340591496,0.0,0.02631039306190909,-0.18082347647662422,-9.2372277216753,-9.879199661826792
